CountryCAMEOCode,StartYear,EndYear,Mean,StdDev,NumArticles
FRA,2019,2019,-0.30283388844138576,1.5731980009145736,181
