CountryCAMEOCode,StartYear,EndYear,Mean,StdDev,NumArticles
USA,2020,2020,0.13096451110647847,3.7107319892733246,651
