CountryCAMEOCode,StartYear,EndYear,Mean,StdDev,NumArticles
RUS,2018,2018,-1.4622007605808698,2.8323413672057978,1508
