CountryCAMEOCode,StartYear,EndYear,Mean,StdDev,NumArticles
RUS,2017,2017,-0.7297809453206334,2.3202432236650714,1988
