CountryCAMEOCode,StartYear,EndYear,Mean,StdDev,NumArticles
RUS,2017,2017,-2.1527472459210135,2.7065076209423813,1064
