CountryCAMEOCode,StartYear,EndYear,Mean,StdDev,NumArticles
ALL,2018,2018,-1.1373560006980206,3.8285537575404023,40792
