CountryCAMEOCode,StartYear,EndYear,Mean,StdDev,NumArticles
ALL,2017,2017,-3.6666872715550216,4.5034219458872045,3373
