CountryCAMEOCode,StartYear,EndYear,Mean,StdDev,NumArticles
ALL,2018,2018,-4.357356185744409,3.7692745569975323,10782
