CountryCAMEOCode,StartYear,EndYear,Mean,StdDev,NumArticles
USA,2015,2021,-3.4804135545726527,3.3208396064410874,5743
