CountryCAMEOCode,StartYear,EndYear,Mean,StdDev,NumArticles
USA,2017,2017,-3.4729047312341526,3.2381746736010824,1513
