CountryCAMEOCode,StartYear,EndYear,Mean,StdDev,NumArticles
ALL,2019,2019,-3.4006241920128266,3.6131250593298874,6665
