CountryCAMEOCode,StartYear,EndYear,Mean,StdDev,NumArticles
ALL,2021,2021,-0.01824698213550108,3.4954857536734467,1334
