CountryCAMEOCode,StartYear,EndYear,Mean,StdDev,NumArticles
USA,2015,2021,1.0137141873518507,3.7363824652571465,11080
