CountryCAMEOCode,StartYear,EndYear,Mean,StdDev,NumArticles
RUS,2015,2021,1.0327207672782626,3.6287508589982274,1986
