CountryCAMEOCode,StartYear,EndYear,Mean,StdDev,NumArticles
USA,2018,2018,1.2915661006384946,3.3156801821897703,2929
