CountryCAMEOCode,StartYear,EndYear,Mean,StdDev,NumArticles
ALL,2021,2021,1.7377460613040687,3.8206513904818307,4221
