CountryCAMEOCode,StartYear,EndYear,Mean,StdDev,NumArticles
USA,2015,2015,-1.7139089457533638,2.6337735199290813,1722
