CountryCAMEOCode,StartYear,EndYear,Mean,StdDev,NumArticles
USA,2020,2020,-1.3756774016366062,2.9153727096638113,2391
