CountryCAMEOCode,StartYear,EndYear,Mean,StdDev,NumArticles
USA,2019,2019,-1.8026926417765727,2.7046990939455307,2790
