CountryCAMEOCode,StartYear,EndYear,Mean,StdDev,NumArticles
ALL,2015,2021,1.0525003543576303,3.3912892088704156,5939
