CountryCAMEOCode,StartYear,EndYear,Mean,StdDev,NumArticles
ALL,2021,2021,0.3208327693923228,3.0524909741332307,1105
