CountryCAMEOCode,StartYear,EndYear,Mean,StdDev,NumArticles
CHN,2016,2016,2.0067017829609846,3.3720690553336627,1119
