CountryCAMEOCode,StartYear,EndYear,Mean,StdDev,NumArticles
RUS,2020,2020,-0.14901132170236447,2.9398299598795616,350
