CountryCAMEOCode,StartYear,EndYear,Mean,StdDev,NumArticles
RUS,2018,2018,-0.009108763845398587,3.4187566976143593,391
