CountryCAMEOCode,StartYear,EndYear,Mean,StdDev,NumArticles
USA,2017,2017,-0.42686153929837445,3.1491654924828416,2213
