CountryCAMEOCode,StartYear,EndYear,Mean,StdDev,NumArticles
CHN,2018,2018,-0.20979087255578469,3.1702469879320065,1796
