CountryCAMEOCode,StartYear,EndYear,Mean,StdDev,NumArticles
IND,2015,2021,-1.9133460364456523,3.3328008314001263,1299
