CountryCAMEOCode,StartYear,EndYear,Mean,StdDev,NumArticles
ALL,2017,2017,0.05948736002224591,3.5666146794725244,1004
