CountryCAMEOCode,StartYear,EndYear,Mean,StdDev,NumArticles
USA,2015,2015,0.07854017949237006,2.8183384678340837,134
