CountryCAMEOCode,StartYear,EndYear,Mean,StdDev,NumArticles
FRA,2015,2021,-0.6472550733493616,3.1693746679572694,1465
