CountryCAMEOCode,StartYear,EndYear,Mean,StdDev,NumArticles
USA,2020,2020,0.24466478775941547,3.2471187447393604,294
