CountryCAMEOCode,StartYear,EndYear,Mean,StdDev,NumArticles
FRA,2019,2019,0.05585166547140071,3.1991234424668797,951
