CountryCAMEOCode,StartYear,EndYear,Mean,StdDev,NumArticles
FRA,2020,2020,-0.5324743892271331,3.0927952385172564,1039
