News,  Articles, Mean tone, Standard deviation in tone 
Chinese Sources,351,2.785529651,3.073648886
Western Sources,372,-2.230412254,3.223135661
Local Sources,420,-1.390109907,3.792722187