News,# Articles,Mean Tone,Standard Deviation in Tone
Chinese Sources,59,4.709305614738141,2.0509150012160107
Western Sources,0,,
Local Sources,31,2.0666576902712546,2.44925553296875
