News,# Articles,Mean Tone,Standard Deviation in Tone
Chinese Sources,24,4.823106264074643,1.9629304931426892
Western Sources,0,,
Local Sources,12,1.3343688001235325,2.556716876567826
