News,# Articles,Mean Tone,Standard Deviation in Tone
Chinese Sources,43,4.468832494214523,2.268140458895729
Western Sources,0,,
Local Sources,29,2.2188992603071807,2.460070602262342
