News,# Articles,Mean Tone,Standard Deviation in Tone
Chinese Sources,36,4.335034632020527,2.1669564299505044
Western Sources,0,,
Local Sources,22,1.9007063535126774,2.6102173849177928
