CountryCAMEOCode,StartYear,EndYear,Mean,StdDev,NumArticles
ALL,2016,2016,1.9354684355260614,3.8418175931941096,44801
