CountryCAMEOCode,StartYear,EndYear,Mean,StdDev,NumArticles
CHN,2019,2019,-0.32731782695161493,1.1591364407322546,178
