CountryCAMEOCode,StartYear,EndYear,Mean,StdDev,NumArticles
ALL,2019,2019,-0.8719528230165824,3.9693051689708123,16841
