CountryCAMEOCode,StartYear,EndYear,Mean,StdDev,NumArticles
USA,2015,2021,-0.46245870680605594,3.341385153352134,2890
