CountryCAMEOCode,StartYear,EndYear,Mean,StdDev,NumArticles
ALL,2020,2020,-3.2436895647627635,3.7774240596253734,1573
