CountryCAMEOCode,StartYear,EndYear,Mean,StdDev,NumArticles
FRA,2015,2021,-1.4718217386240566,3.7224935433824573,3056
