CountryCAMEOCode,StartYear,EndYear,Mean,StdDev,NumArticles
RUS,2015,2015,-1.9052228058111664,3.0614885754901047,1122
