CountryCAMEOCode,StartYear,EndYear,Mean,StdDev,NumArticles
RUS,2017,2017,-1.0337755343711652,3.3822053444814535,1132
