CountryCAMEOCode,StartYear,EndYear,Mean,StdDev,NumArticles
ALL,2021,2021,-3.8049075518027315,2.672178619496597,14246
