CountryCAMEOCode,StartYear,EndYear,Mean,StdDev,NumArticles
CHN,2015,2015,2.3298255645035675,3.2948578358735663,1189
