CountryCAMEOCode,StartYear,EndYear,Mean,StdDev,NumArticles
USA,2018,2018,-2.1287194871931376,3.6757204136026145,1887
