CountryCAMEOCode,StartYear,EndYear,Mean,StdDev,NumArticles
CHN,2017,2017,0.6164751495750872,3.7320764805069575,1035
