CountryCAMEOCode,StartYear,EndYear,Mean,StdDev,NumArticles
USA,2020,2020,-1.0844017311978211,3.3025400591967387,4512
