CountryCAMEOCode,StartYear,EndYear,Mean,StdDev,NumArticles
IND,2015,2021,-0.5035618724702277,3.6147114056905485,1174
