CountryCAMEOCode,StartYear,EndYear,Mean,StdDev,NumArticles
IND,2016,2016,-0.32098818472588686,3.2662494301989633,227
