CountryCAMEOCode,StartYear,EndYear,Mean,StdDev,NumArticles
RUS,2017,2017,-0.9957230789640333,2.8754539542448168,1228
