CountryCAMEOCode,StartYear,EndYear,Mean,StdDev,NumArticles
ALL,2018,2018,-2.935530578812619,4.840657994504779,121433
