CountryCAMEOCode,StartYear,EndYear,Mean,StdDev,NumArticles
ALL,2015,2021,-3.304268360812189,4.7888887182935225,592498
