CountryCAMEOCode,StartYear,EndYear,Mean,StdDev,NumArticles
USA,2018,2018,-3.7042227439702398,3.1569912667055027,8983
