CountryCAMEOCode,StartYear,EndYear,Mean,StdDev,NumArticles
CHN,2015,2015,-1.3765760039911836,3.0783121592288776,1895
