CountryCAMEOCode,StartYear,EndYear,Mean,StdDev,NumArticles
ALL,2020,2020,-3.7516273949671026,3.339215204658026,77495
