CountryCAMEOCode,StartYear,EndYear,Mean,StdDev,NumArticles
USA,2016,2016,-3.6155522131685474,2.9972446585259798,18214
