CountryCAMEOCode,StartYear,EndYear,Mean,StdDev,NumArticles
CHN,2018,2018,2.2742440872656835,3.4751929154261236,1506
