CountryCAMEOCode,StartYear,EndYear,Mean,StdDev,NumArticles
CHN,2020,2020,0.12051844585487555,3.5302133753594345,1201
