CountryCAMEOCode,StartYear,EndYear,Mean,StdDev,NumArticles
USA,2015,2021,-2.6195838967895786,3.5010454951193535,1875
