CountryCAMEOCode,StartYear,EndYear,Mean,StdDev,NumArticles
USA,2015,2015,-0.29538227518944365,3.3063745912181837,4133
