CountryCAMEOCode,StartYear,EndYear,Mean,StdDev,NumArticles
RUS,2015,2021,0.5627008035764666,3.4333318948480014,5432
