CountryCAMEOCode,StartYear,EndYear,Mean,StdDev,NumArticles
CHN,2017,2017,0.001289109191201847,3.55823223282433,2246
