CountryCAMEOCode,StartYear,EndYear,Mean,StdDev,NumArticles
CHN,2018,2018,0.15627494095335445,3.9305285415696907,2395
