CountryCAMEOCode,StartYear,EndYear,Mean,StdDev,NumArticles
RUS,2020,2020,-0.45782364125296454,3.3844835231679666,457
