CountryCAMEOCode,StartYear,EndYear,Mean,StdDev,NumArticles
CHN,2019,2019,0.4334862485321312,3.8097078188741165,1756
