CountryCAMEOCode,StartYear,EndYear,Mean,StdDev,NumArticles
CHN,2020,2020,-1.4533909122980615,3.4490672327696865,3119
