CountryCAMEOCode,StartYear,EndYear,Mean,StdDev,NumArticles
USA,2020,2020,-1.1006262617246956,3.6389832228679446,4336
