CountryCAMEOCode,StartYear,EndYear,Mean,StdDev,NumArticles
ALL,2020,2020,-1.332720949855858,4.322839543779417,601593
