CountryCAMEOCode,StartYear,EndYear,Mean,StdDev,NumArticles
USA,2018,2018,-3.4022524928528246,2.9249085412961993,4812
