CountryCAMEOCode,StartYear,EndYear,Mean,StdDev,NumArticles
CHN,2017,2017,-1.9231816566632896,3.5328893601769717,1017
