CountryCAMEOCode,StartYear,EndYear,Mean,StdDev,NumArticles
FRA,2016,2016,-1.4112949170804727,2.5199586671326806,5719
