CountryCAMEOCode,StartYear,EndYear,Mean,StdDev,NumArticles
FRA,2017,2017,-1.1671848354462593,2.7853807452619823,6245
