CountryCAMEOCode,StartYear,EndYear,Mean,StdDev,NumArticles
FRA,2019,2019,-1.7396537842037885,2.9294929251741055,4850
