CountryCAMEOCode,StartYear,EndYear,Mean,StdDev,NumArticles
FRA,2021,2021,-2.0522331110021015,2.2156630369889223,1451
