CountryCAMEOCode,StartYear,EndYear,Mean,StdDev,NumArticles
ALL,2015,2015,-1.1765118422694125,2.9337544151284356,118792
