CountryCAMEOCode,StartYear,EndYear,Mean,StdDev,NumArticles
RUS,2019,2019,-0.5980628900407141,2.3242925066169695,1070
