CountryCAMEOCode,StartYear,EndYear,Mean,StdDev,NumArticles
FRA,2017,2017,-5.1765465560273025,3.3074768472028206,1404
