CountryCAMEOCode,StartYear,EndYear,Mean,StdDev,NumArticles
RUS,2021,2021,-0.48399973823702797,0.05159748903444657,10
