CountryCAMEOCode,StartYear,EndYear,Mean,StdDev,NumArticles
CHN,2016,2016,-0.014134051784874944,3.443315009514915,222
