CountryCAMEOCode,StartYear,EndYear,Mean,StdDev,NumArticles
ALL,2019,2019,2.6531033361601417,2.5945847343343544,8051
