CountryCAMEOCode,StartYear,EndYear,Mean,StdDev,NumArticles
ALL,2016,2016,2.2900540754967516,3.0844804069773457,4506
