CountryCAMEOCode,StartYear,EndYear,Mean,StdDev,NumArticles
CHN,2015,2021,1.6838465648586198,2.9531461252989897,1078
