CountryCAMEOCode,StartYear,EndYear,Mean,StdDev,NumArticles
CHN,2016,2016,-0.9387172257947719,2.9809415950423634,1140
