CountryCAMEOCode,StartYear,EndYear,Mean,StdDev,NumArticles
USA,2015,2021,-2.8198448843735013,3.3989069715855633,1213
