CountryCAMEOCode,StartYear,EndYear,Mean,StdDev,NumArticles
ALL,2018,2018,-3.5044861160117664,3.1197175411266804,27293
