CountryCAMEOCode,StartYear,EndYear,Mean,StdDev,NumArticles
USA,2019,2019,-3.3404136374866003,3.1985868780877613,2794
