News,# Articles,Mean Tone,Standard Deviation in Tone
Chinese Sources,49,1.7905820951778062,4.060071750257464
Western Sources,1,-4.137930870056152,0.0
Local Sources,160,1.0780389560386539,3.551887408463495
