News,# Articles,Mean Tone,Standard Deviation in Tone
Chinese Sources,20,0.3501134142279625,4.524919247997868
Western Sources,0,,
Local Sources,80,1.0278430407866836,3.4384712094886494
