CountryCAMEOCode,StartYear,EndYear,Mean,StdDev,NumArticles
CHN,2015,2021,-0.31958260593245114,4.880327777058873,1899
