CountryCAMEOCode,StartYear,EndYear,Mean,StdDev,NumArticles
ALL,2018,2018,-1.9088548940754821,4.084563487983537,54850
