CountryCAMEOCode,StartYear,EndYear,Mean,StdDev,NumArticles
USA,2015,2015,-5.2517514197459905,2.9325323708683326,3419
