CountryCAMEOCode,StartYear,EndYear,Mean,StdDev,NumArticles
FRA,2017,2017,-0.18732759845285069,2.1450687287999886,219
