CountryCAMEOCode,StartYear,EndYear,Mean,StdDev,NumArticles
ALL,2020,2020,0.14128156938305692,2.6586540231314664,5815
