CountryCAMEOCode,StartYear,EndYear,Mean,StdDev,NumArticles
ALL,2015,2021,-5.442393030465229,3.1740869212981697,48196
