CountryCAMEOCode,StartYear,EndYear,Mean,StdDev,NumArticles
FRA,2016,2016,-2.6710310084400497,3.1337102160085766,1078
