CountryCAMEOCode,StartYear,EndYear,Mean,StdDev,NumArticles
RUS,2015,2021,-1.9171499955232054,3.5006303724453773,2383
