CountryCAMEOCode,StartYear,EndYear,Mean,StdDev,NumArticles
CHN,2019,2019,2.7599163416234975,2.4834187725828025,1993
