CountryCAMEOCode,StartYear,EndYear,Mean,StdDev,NumArticles
CHN,2020,2020,0.9159121716301266,2.8384526154748158,1740
