CountryCAMEOCode,StartYear,EndYear,Mean,StdDev,NumArticles
CHN,2015,2021,2.0949744741307046,3.2570884087983627,13836
