CountryCAMEOCode,StartYear,EndYear,Mean,StdDev,NumArticles
USA,2016,2016,0.0521580498733829,3.6478968269997556,9482
