CountryCAMEOCode,StartYear,EndYear,Mean,StdDev,NumArticles
CHN,2016,2016,1.8089659247755692,2.9477072342690396,7680
