CountryCAMEOCode,StartYear,EndYear,Mean,StdDev,NumArticles
FRA,2019,2019,1.0923008159334253,3.0192741652385346,3182
