CountryCAMEOCode,StartYear,EndYear,Mean,StdDev,NumArticles
RUS,2016,2016,-0.35101630743984663,2.9807689668002864,8293
