CountryCAMEOCode,StartYear,EndYear,Mean,StdDev,NumArticles
CHN,2015,2015,1.3421742668173084,3.3382084981350757,2998
