CountryCAMEOCode,StartYear,EndYear,Mean,StdDev,NumArticles
FRA,2015,2021,0.5959504362977867,3.4669520851228364,27766
