CountryCAMEOCode,StartYear,EndYear,Mean,StdDev,NumArticles
USA,2021,2021,0.45963382953196247,3.3906255438201987,419
