CountryCAMEOCode,StartYear,EndYear,Mean,StdDev,NumArticles
RUS,2017,2017,0.06180311643440389,2.8603706230682877,5937
