CountryCAMEOCode,StartYear,EndYear,Mean,StdDev,NumArticles
CHN,2020,2020,0.07097935062079243,3.4156653391493603,1803
