CountryCAMEOCode,StartYear,EndYear,Mean,StdDev,NumArticles
USA,2017,2017,0.20413853702649595,3.3449082211798107,12318
