CountryCAMEOCode,StartYear,EndYear,Mean,StdDev,NumArticles
FRA,2016,2016,0.2674392213480488,3.5287371143099944,7448
