CountryCAMEOCode,StartYear,EndYear,Mean,StdDev,NumArticles
RUS,2015,2015,-0.4911467845909066,3.0522280897899923,8479
