CountryCAMEOCode,StartYear,EndYear,Mean,StdDev,NumArticles
CHN,2017,2017,1.1986793437494994,3.4259313148720154,4202
