CountryCAMEOCode,StartYear,EndYear,Mean,StdDev,NumArticles
RUS,2015,2021,-3.6887245499423265,2.5149446141239604,13039
