CountryCAMEOCode,StartYear,EndYear,Mean,StdDev,NumArticles
ALL,2021,2021,-2.4134106151283765,3.0290376919397417,7001
