CountryCAMEOCode,StartYear,EndYear,Mean,StdDev,NumArticles
USA,2017,2017,-3.4704131209187437,3.4888125755966923,7111
