CountryCAMEOCode,StartYear,EndYear,Mean,StdDev,NumArticles
ALL,2016,2016,-0.9304100560779739,3.0525056416920244,21783
