CountryCAMEOCode,StartYear,EndYear,Mean,StdDev,NumArticles
FRA,2020,2020,0.34916552914968596,2.6388272342992565,177
