CountryCAMEOCode,StartYear,EndYear,Mean,StdDev,NumArticles
USA,2015,2021,-5.0326540562410385,3.4988313593346727,4614
