CountryCAMEOCode,StartYear,EndYear,Mean,StdDev,NumArticles
ALL,2015,2015,-3.3656660698596816,3.2017979481279593,1075
