CountryCAMEOCode,StartYear,EndYear,Mean,StdDev,NumArticles
ALL,2015,2021,-1.1902858255936488,3.4539650827225246,58169
