CountryCAMEOCode,StartYear,EndYear,Mean,StdDev,NumArticles
CHN,2018,2018,-0.4285999561554593,2.8989594826930394,3247
