CountryCAMEOCode,StartYear,EndYear,Mean,StdDev,NumArticles
CHN,2016,2016,-1.0028101997256964,3.6085725250143748,4834
