CountryCAMEOCode,StartYear,EndYear,Mean,StdDev,NumArticles
CHN,2015,2015,0.05933894278538402,2.819372993601339,3790
