CountryCAMEOCode,StartYear,EndYear,Mean,StdDev,NumArticles
ALL,2021,2021,-1.6456168765645571,2.5610191043913737,5761
