CountryCAMEOCode,StartYear,EndYear,Mean,StdDev,NumArticles
CHN,2015,2021,-2.1362201519286725,2.6647083518499786,46491
