CountryCAMEOCode,StartYear,EndYear,Mean,StdDev,NumArticles
USA,2017,2017,-1.1082989886536712,2.6817077542125105,2743
