CountryCAMEOCode,StartYear,EndYear,Mean,StdDev,NumArticles
USA,2021,2021,-1.3558443448969044,2.3057899311537917,1110
