CountryCAMEOCode,StartYear,EndYear,Mean,StdDev,NumArticles
ALL,2017,2017,-3.3414191558370407,3.4138491254442114,1012
