CountryCAMEOCode,StartYear,EndYear,Mean,StdDev,NumArticles
IND,2015,2015,-0.46271560127635214,3.4595007918006115,303
