CountryCAMEOCode,StartYear,EndYear,Mean,StdDev,NumArticles
USA,2017,2017,-0.15377235244434945,3.0381101659385155,36008
