CountryCAMEOCode,StartYear,EndYear,Mean,StdDev,NumArticles
FRA,2016,2016,0.8359848231736007,3.7895493437450942,6090
