CountryCAMEOCode,StartYear,EndYear,Mean,StdDev,NumArticles
FRA,2020,2020,0.5797380619651074,3.2191020192327398,3286
