CountryCAMEOCode,StartYear,EndYear,Mean,StdDev,NumArticles
FRA,2018,2018,0.6285177503820175,3.2584877833412813,5825
