CountryCAMEOCode,StartYear,EndYear,Mean,StdDev,NumArticles
USA,2015,2015,0.3600053579918092,3.0001441375795244,28745
