CountryCAMEOCode,StartYear,EndYear,Mean,StdDev,NumArticles
CHN,2016,2016,0.32137788280697777,3.603596860722001,426512
