CountryCAMEOCode,StartYear,EndYear,Mean,StdDev,NumArticles
CHN,2021,2021,0.2937937303194015,3.5324523792947895,55795
