CountryCAMEOCode,StartYear,EndYear,Mean,StdDev,NumArticles
FRA,2015,2015,0.9319473884845766,3.4043530448978996,4806
