CountryCAMEOCode,StartYear,EndYear,Mean,StdDev,NumArticles
ALL,2020,2020,-0.7488633156859913,3.445200806220859,387198
