CountryCAMEOCode,StartYear,EndYear,Mean,StdDev,NumArticles
CHN,2020,2020,-0.6164105148924689,3.4548624293750567,289394
