CountryCAMEOCode,StartYear,EndYear,Mean,StdDev,NumArticles
RUS,2020,2020,-0.8317205884223176,3.0696929250128426,4562
