CountryCAMEOCode,StartYear,EndYear,Mean,StdDev,NumArticles
ALL,2019,2019,0.8036416280812925,3.7845089077967375,356191
