CountryCAMEOCode,StartYear,EndYear,Mean,StdDev,NumArticles
USA,2021,2021,-2.3815562820759486,2.5207602574023587,9052
