CountryCAMEOCode,StartYear,EndYear,Mean,StdDev,NumArticles
CHN,2015,2015,-2.1166776611014844,3.2442767240154766,196064
