CountryCAMEOCode,StartYear,EndYear,Mean,StdDev,NumArticles
USA,2015,2015,-2.0978444181607867,2.704543105450832,36949
