CountryCAMEOCode,StartYear,EndYear,Mean,StdDev,NumArticles
USA,2019,2019,-2.1177340448562028,2.6415377563621356,70971
