CountryCAMEOCode,StartYear,EndYear,Mean,StdDev,NumArticles
RUS,2019,2019,-2.2650495247664884,2.6013437555726915,6843
