CountryCAMEOCode,StartYear,EndYear,Mean,StdDev,NumArticles
FRA,2015,2015,-1.6899696174871646,2.8389181814605005,4798
