CountryCAMEOCode,StartYear,EndYear,Mean,StdDev,NumArticles
CHN,2020,2020,-3.0384365833911895,2.5891164496335075,316112
