CountryCAMEOCode,StartYear,EndYear,Mean,StdDev,NumArticles
CHN,2021,2021,-2.453872475413681,2.6555759859524515,36992
