CountryCAMEOCode,StartYear,EndYear,Mean,StdDev,NumArticles
ALL,2016,2016,1.2195143903713932,4.5696794272243775,1085
