CountryCAMEOCode,StartYear,EndYear,Mean,StdDev,NumArticles
ALL,2020,2020,-4.3484729132191875,3.4603446293459474,2479
