CountryCAMEOCode,StartYear,EndYear,Mean,StdDev,NumArticles
FRA,2018,2018,-1.1600766384636303,0.029316684959263043,68
