CountryCAMEOCode,StartYear,EndYear,Mean,StdDev,NumArticles
CHN,2015,2021,3.0692931327680517,2.5866001886836743,1535
