CountryCAMEOCode,StartYear,EndYear,Mean,StdDev,NumArticles
FRA,2015,2021,-0.9210727464097941,2.8730346716330293,4700
