CountryCAMEOCode,StartYear,EndYear,Mean,StdDev,NumArticles
CHN,2015,2021,0.4616274844890211,2.8750363679406283,1115
