CountryCAMEOCode,StartYear,EndYear,Mean,StdDev,NumArticles
ALL,2020,2020,-1.5730260608704665,3.3471730548135543,18194
