CountryCAMEOCode,StartYear,EndYear,Mean,StdDev,NumArticles
FRA,2017,2017,-0.6338477648066173,2.8684453493192734,1060
