CountryCAMEOCode,StartYear,EndYear,Mean,StdDev,NumArticles
FRA,2017,2017,0.9088734833038332,0.2671953581465496,1691
