CountryCAMEOCode,StartYear,EndYear,Mean,StdDev,NumArticles
FRA,2015,2021,0.8359551928182519,0.5696066275701525,4006
