CountryCAMEOCode,StartYear,EndYear,Mean,StdDev,NumArticles
FRA,2016,2016,0.7966913104968877,0.5471604968536606,1642
