CountryCAMEOCode,StartYear,EndYear,Mean,StdDev,NumArticles
CHN,2018,2018,3.1110977236640083,2.8179443671015068,1461
