CountryCAMEOCode,StartYear,EndYear,Mean,StdDev,NumArticles
CHN,2015,2015,2.3030534364592303,3.0532817962796406,1598
