CountryCAMEOCode,StartYear,EndYear,Mean,StdDev,NumArticles
USA,2020,2020,-2.1509240311315048,3.7013601415133457,2213
