CountryCAMEOCode,StartYear,EndYear,Mean,StdDev,NumArticles
FRA,2015,2021,-0.6955699055865963,3.8758313229063948,2521
