CountryCAMEOCode,StartYear,EndYear,Mean,StdDev,NumArticles
CHN,2018,2018,-1.2974959127302204,3.9206320148361815,1450
