CountryCAMEOCode,StartYear,EndYear,Mean,StdDev,NumArticles
ALL,2021,2021,-1.1595572837106503,3.1257102664192726,16249
