CountryCAMEOCode,StartYear,EndYear,Mean,StdDev,NumArticles
USA,2015,2021,-1.2992281237201688,3.2921386751559756,45934
