CountryCAMEOCode,StartYear,EndYear,Mean,StdDev,NumArticles
ALL,2018,2018,-3.9198023113992466,3.7791994356971634,23759
