CountryCAMEOCode,StartYear,EndYear,Mean,StdDev,NumArticles
FRA,2015,2021,-2.1103724066970995,2.9700024488991064,1005
