CountryCAMEOCode,StartYear,EndYear,Mean,StdDev,NumArticles
CHN,2015,2021,-2.9733394718478614,3.4000059379047456,2129
