CountryCAMEOCode,StartYear,EndYear,Mean,StdDev,NumArticles
ALL,2015,2021,2.9441485044878015,3.0673442536079047,28836
