CountryCAMEOCode,StartYear,EndYear,Mean,StdDev,NumArticles
ALL,2018,2018,3.4300175815029017,2.6943063225140977,5337
