CountryCAMEOCode,StartYear,EndYear,Mean,StdDev,NumArticles
ALL,2015,2015,1.8130025651413142,3.6246934611079307,3863
