CountryCAMEOCode,StartYear,EndYear,Mean,StdDev,NumArticles
ALL,2017,2017,3.1544149699751842,3.3240651863829633,3980
