CountryCAMEOCode,StartYear,EndYear,Mean,StdDev,NumArticles
CHN,2015,2015,-0.15202764778515762,3.1884059677547016,163
