CountryCAMEOCode,StartYear,EndYear,Mean,StdDev,NumArticles
FRA,2015,2021,-3.0249552194028078,3.6389166231116206,1744
