CountryCAMEOCode,StartYear,EndYear,Mean,StdDev,NumArticles
ALL,2020,2020,-5.2784473461611885,3.5637013802421573,5544
