CountryCAMEOCode,StartYear,EndYear,Mean,StdDev,NumArticles
ALL,2019,2019,-4.705406127406166,3.4999914968805816,10218
