CountryCAMEOCode,StartYear,EndYear,Mean,StdDev,NumArticles
USA,2016,2016,-1.4648708438716846,3.8360698195636145,1987
