CountryCAMEOCode,StartYear,EndYear,Mean,StdDev,NumArticles
ALL,2015,2015,-2.7477603341863044,3.9875720397557117,71464
