CountryCAMEOCode,StartYear,EndYear,Mean,StdDev,NumArticles
RUS,2015,2021,-3.2513954936623644,2.3917965959939416,1756
