News,  Articles,Mean tone,Standard deviation in tone 
Chinese Sources,5414,2.148431005,3.929976403
Western Sources,5399,-2.244419723,3.266449342
Local Sources,38160,0.370349883,3.390817401