News, # Articles, Mean tone, Standard deviation in tone 
Chinese Sources,822,1.716471419,4.175455973
Western sources,210,-1.408901428,3.099685848
Local Sources,3429,0.625900195,3.032381755