News, # Articles, Mean tone, Standard deviation in tone 
Chinese Sources,2946,2.187606681,3.997139123
Western Sources,2250,-2.062402266,3.33791642
Local Sources,17455,0.441442239,3.38789303