News, # Articles, Mean tone, Standard deviation in tone
Chinese Sources,2127,2.092115173,3.985946207
Western Sources,1456,-1.901759183,3.323693186
Local Sources,12153,0.508448069,3.322567129