CountryCAMEOCode,StartYear,EndYear,Mean,StdDev,NumArticles
CHN,2015,2015,3.0825271394884455,2.7975021585754742,2003
