CountryCAMEOCode,StartYear,EndYear,Mean,StdDev,NumArticles
CHN,2015,2021,2.4899550400956674,3.0457583069293537,7299
