CountryCAMEOCode,StartYear,EndYear,Mean,StdDev,NumArticles
CHN,2018,2018,-1.0010055084833769,2.8120364543904417,1624
