CountryCAMEOCode,StartYear,EndYear,Mean,StdDev,NumArticles
FRA,2018,2018,-1.8966932583593803,2.6884354091428233,3542
