CountryCAMEOCode,StartYear,EndYear,Mean,StdDev,NumArticles
USA,2019,2019,-1.8137364892159251,3.4070823367723846,3010
