CountryCAMEOCode,StartYear,EndYear,Mean,StdDev,NumArticles
ALL,2016,2016,-3.6461052667146494,3.7510376662811087,56014
