CountryCAMEOCode,StartYear,EndYear,Mean,StdDev,NumArticles
USA,2017,2017,-2.4402552910185253,3.0925738053402743,2868
