CountryCAMEOCode,StartYear,EndYear,Mean,StdDev,NumArticles
CHN,2017,2017,0.11498943958587296,3.7992609776098285,316
