CountryCAMEOCode,StartYear,EndYear,Mean,StdDev,NumArticles
USA,2015,2015,-1.6466005068353258,3.1238081594353617,1185
