CountryCAMEOCode,StartYear,EndYear,Mean,StdDev,NumArticles
ALL,2021,2021,-4.8590476826143245,3.4524639031072253,3794
