CountryCAMEOCode,StartYear,EndYear,Mean,StdDev,NumArticles
ALL,2019,2019,-3.0105064514420317,3.5304210418727635,13703
