CountryCAMEOCode,StartYear,EndYear,Mean,StdDev,NumArticles
IND,2019,2019,0.012710006679817476,2.8504192853665753,29
