CountryCAMEOCode,StartYear,EndYear,Mean,StdDev,NumArticles
ALL,2015,2015,-2.6455280446058205,3.5894523006686163,23670
