CountryCAMEOCode,StartYear,EndYear,Mean,StdDev,NumArticles
ALL,2019,2019,-4.618483264872836,2.9328650799538143,10668
