CountryCAMEOCode,StartYear,EndYear,Mean,StdDev,NumArticles
CHN,2019,2019,1.3725712076784469,3.1352860595325605,5211
