CountryCAMEOCode,StartYear,EndYear,Mean,StdDev,NumArticles
USA,2017,2017,-1.4273737781835452,2.5607157027914655,2388
