CountryCAMEOCode,StartYear,EndYear,Mean,StdDev,NumArticles
CHN,2015,2015,-1.5218446149577864,3.4138271587495455,11228
