CountryCAMEOCode,StartYear,EndYear,Mean,StdDev,NumArticles
ALL,2018,2018,-0.18967956772229713,3.5831243897660365,28572
