CountryCAMEOCode,StartYear,EndYear,Mean,StdDev,NumArticles
CHN,2018,2018,1.4455756101458426,2.9615839526632297,7997
