CountryCAMEOCode,StartYear,EndYear,Mean,StdDev,NumArticles
RUS,2019,2019,-1.7728292822053728,2.0336882062854404,1340
