CountryCAMEOCode,StartYear,EndYear,Mean,StdDev,NumArticles
USA,2019,2019,-1.2946112609415292,2.6177757406015916,5054
