CountryCAMEOCode,StartYear,EndYear,Mean,StdDev,NumArticles
RUS,2017,2017,-1.4589200370638113,1.9703845072775608,1185
