CountryCAMEOCode,StartYear,EndYear,Mean,StdDev,NumArticles
CHN,2019,2019,-1.1991266355400527,2.3728212840196377,4371
