CountryCAMEOCode,StartYear,EndYear,Mean,StdDev,NumArticles
CHN,2017,2017,-1.0723031557706595,2.8680826258857426,2852
