CountryCAMEOCode,StartYear,EndYear,Mean,StdDev,NumArticles
FRA,2018,2018,-2.0794454317277333,3.2115500657379243,1859
