CountryCAMEOCode,StartYear,EndYear,Mean,StdDev,NumArticles
CHN,2016,2016,-2.5089495099052077,2.6518046706229867,10251
