CountryCAMEOCode,StartYear,EndYear,Mean,StdDev,NumArticles
CHN,2019,2019,-1.8496404822462749,2.5169151181138587,6831
