CountryCAMEOCode,StartYear,EndYear,Mean,StdDev,NumArticles
ALL,2020,2020,-2.3986887321442865,3.0071008869087086,94008
