CountryCAMEOCode,StartYear,EndYear,Mean,StdDev,NumArticles
RUS,2018,2018,-1.6845760836480612,2.1579146715774606,1490
