CountryCAMEOCode,StartYear,EndYear,Mean,StdDev,NumArticles
CHN,2020,2020,-3.0428175039511522,2.4577143794738627,7447
