CountryCAMEOCode,StartYear,EndYear,Mean,StdDev,NumArticles
USA,2015,2015,-1.4006112870515977,2.6740289096977485,14989
