CountryCAMEOCode,StartYear,EndYear,Mean,StdDev,NumArticles
CHN,2015,2015,-2.0957753390295424,2.6592210153574563,9101
