CountryCAMEOCode,StartYear,EndYear,Mean,StdDev,NumArticles
RUS,2015,2015,-1.7999772198194803,2.5333791117809494,1238
