CountryCAMEOCode,StartYear,EndYear,Mean,StdDev,NumArticles
RUS,2016,2016,-1.8234480062251184,2.0934489099574236,3848
