CountryCAMEOCode,StartYear,EndYear,Mean,StdDev,NumArticles
CHN,2016,2016,-2.3050352229039506,2.5694935904473564,1747
