CountryCAMEOCode,StartYear,EndYear,Mean,StdDev,NumArticles
CHN,2019,2019,0.08451148970650728,2.872299335008996,1032
