CountryCAMEOCode,StartYear,EndYear,Mean,StdDev,NumArticles
ALL,2019,2019,-0.9846993383329088,2.6797248124581765,10289
