CountryCAMEOCode,StartYear,EndYear,Mean,StdDev,NumArticles
CHN,2017,2017,-2.7458026380702103,2.0405008249260272,21102
