CountryCAMEOCode,StartYear,EndYear,Mean,StdDev,NumArticles
CHN,2015,2015,-2.0802947199516426,2.9665738699286126,2467
