CountryCAMEOCode,StartYear,EndYear,Mean,StdDev,NumArticles
USA,2015,2015,-2.8420397596445377,2.9757811672207204,3149
