CountryCAMEOCode,StartYear,EndYear,Mean,StdDev,NumArticles
RUS,2017,2017,-3.2318584635276966,2.2462489381027204,6725
