CountryCAMEOCode,StartYear,EndYear,Mean,StdDev,NumArticles
RUS,2019,2019,-1.1889543094484996,2.0313795424412855,3542
