CountryCAMEOCode,StartYear,EndYear,Mean,StdDev,NumArticles
CHN,2020,2020,-3.1296943895358407,2.5725150307269984,1860
