CountryCAMEOCode,StartYear,EndYear,Mean,StdDev,NumArticles
CHN,2016,2016,1.1208179533911722,3.6939295802114454,1668
