CountryCAMEOCode,StartYear,EndYear,Mean,StdDev,NumArticles
RUS,2015,2021,1.6789966813776784,3.5755454105406925,1237
