CountryCAMEOCode,StartYear,EndYear,Mean,StdDev,NumArticles
CHN,2015,2021,0.9088370158314582,2.8028486944152267,1339
