CountryCAMEOCode,StartYear,EndYear,Mean,StdDev,NumArticles
USA,2015,2021,-0.12344285481291392,3.4496635559393507,1617
