CountryCAMEOCode,StartYear,EndYear,Mean,StdDev,NumArticles
CHN,2015,2021,-1.3996368428200776,3.0612697571640237,2786
