CountryCAMEOCode,StartYear,EndYear,Mean,StdDev,NumArticles
ALL,2017,2017,-1.8053444594382446,2.6994505707291587,2866
