CountryCAMEOCode,StartYear,EndYear,Mean,StdDev,NumArticles
RUS,2018,2018,-0.4739665721960153,3.5603239312337136,12445
