CountryCAMEOCode,StartYear,EndYear,Mean,StdDev,NumArticles
CHN,2016,2016,1.1715708692912947,3.5977799267687347,1101
