CountryCAMEOCode,StartYear,EndYear,Mean,StdDev,NumArticles
ALL,2017,2017,-0.2912960393604656,3.8423486049932243,280819
