CountryCAMEOCode,StartYear,EndYear,Mean,StdDev,NumArticles
CHN,2019,2019,2.1603214757458056,2.7367866839149793,1101
