CountryCAMEOCode,StartYear,EndYear,Mean,StdDev,NumArticles
FRA,2018,2018,0.9328855385493293,3.4944730216439397,3823
