CountryCAMEOCode,StartYear,EndYear,Mean,StdDev,NumArticles
FRA,2021,2021,0.48072124085071416,3.4368533984753076,198
