CountryCAMEOCode,StartYear,EndYear,Mean,StdDev,NumArticles
FRA,2019,2019,1.0969635423218147,3.4945574612075005,2034
