CountryCAMEOCode,StartYear,EndYear,Mean,StdDev,NumArticles
USA,2019,2019,0.8011357297142636,3.8540939446569653,7528
