CountryCAMEOCode,StartYear,EndYear,Mean,StdDev,NumArticles
RUS,2015,2015,-1.4227840527228628,4.122448565998919,12680
