CountryCAMEOCode,StartYear,EndYear,Mean,StdDev,NumArticles
USA,2017,2017,-0.36447730629264974,3.8068887074269924,10989
