CountryCAMEOCode,StartYear,EndYear,Mean,StdDev,NumArticles
RUS,2019,2019,0.27739453244349066,4.053405968961321,8681
