CountryCAMEOCode,StartYear,EndYear,Mean,StdDev,NumArticles
USA,2015,2021,-3.8372620632071577,3.3048113735205598,4053
