CountryCAMEOCode,StartYear,EndYear,Mean,StdDev,NumArticles
RUS,2015,2015,-3.5505017498729656,3.8073408207809374,1992
