CountryCAMEOCode,StartYear,EndYear,Mean,StdDev,NumArticles
ALL,2017,2017,-2.3993563431606377,3.4850145623909534,9241
