News, # Articles, Mean tone, Standard deviation in tone 
Chinese Sources,25,5.747034150362015,2.712797217223066
Western Sources,0,0,0
Local Sources,141,3.2142277975031672,1.913885312130579