News, # Articles, Mean tone, Standard deviation in tone 
Chinese Sources,116,5.208110377963247,2.9512282565067625
Western Sources,0,0,0
Local Sources,202,2.907913217745205,2.105775070453527