News, # Articles, Mean tone, Standard deviation in tone 
Chinese Sources,86,5.503490851022477,2.9555883186622984
Western Sources,0,0,0
Local Sources,188,3.027413435755892,2.0190419869543725