News, # Articles, Mean tone, Standard deviation in tone 
Chinese Sources,45,5.596780944532818,2.805397986473025
Western Sources,0,0,0
Local Sources,169,3.0943819645946546,1.896555328017258