CountryCAMEOCode,StartYear,EndYear,Mean,StdDev,NumArticles
RUS,2015,2015,-1.8022942210697643,3.6190665872336383,36570
