CountryCAMEOCode,StartYear,EndYear,Mean,StdDev,NumArticles
CHN,2017,2017,1.0370132897285587,2.8178015346934875,8953
