CountryCAMEOCode,StartYear,EndYear,Mean,StdDev,NumArticles
CHN,2019,2019,1.8391005024875184,3.2394027722656906,7301
