CountryCAMEOCode,StartYear,EndYear,Mean,StdDev,NumArticles
RUS,2015,2021,-1.8394199308592205,3.664859244990193,236465
