CountryCAMEOCode,StartYear,EndYear,Mean,StdDev,NumArticles
RUS,2019,2019,-1.0328089077191993,3.9159979859391663,35764
