CountryCAMEOCode,StartYear,EndYear,Mean,StdDev,NumArticles
RUS,2017,2017,-1.5990447787709239,3.4771113228343653,42556
