CountryCAMEOCode,StartYear,EndYear,Mean,StdDev,NumArticles
CHN,2015,2021,1.114498263559094,3.1663120575516452,42824
