CountryCAMEOCode,StartYear,EndYear,Mean,StdDev,NumArticles
RUS,2016,2016,-1.8782652988801012,3.500938799164955,47063
