CountryCAMEOCode,StartYear,EndYear,Mean,StdDev,NumArticles
FRA,2018,2018,-2.3244042984329045,2.9695796896346995,1038
