CountryCAMEOCode,StartYear,EndYear,Mean,StdDev,NumArticles
RUS,2018,2018,-2.4111988035983853,3.7606993181888098,46916
