CountryCAMEOCode,StartYear,EndYear,Mean,StdDev,NumArticles
RUS,2016,2016,-2.2401723819831676,3.3835073742135293,176148
