CountryCAMEOCode,StartYear,EndYear,Mean,StdDev,NumArticles
CHN,2019,2019,-0.6045111905018422,2.8625340696815122,3816
