CountryCAMEOCode,StartYear,EndYear,Mean,StdDev,NumArticles
ALL,2015,2021,-2.1072450972371466,3.2301087068601233,1774644
