CountryCAMEOCode,StartYear,EndYear,Mean,StdDev,NumArticles
RUS,2019,2019,-1.5758001282485847,3.3696380589362946,173116
