CountryCAMEOCode,StartYear,EndYear,Mean,StdDev,NumArticles
RUS,2015,2015,-2.6090108539562515,3.2222858218354915,195123
