CountryCAMEOCode,StartYear,EndYear,Mean,StdDev,NumArticles
RUS,2021,2021,-2.0253274083421005,3.6818988637332777,25082
