CountryCAMEOCode,StartYear,EndYear,Mean,StdDev,NumArticles
FRA,2019,2019,-1.1856231967571744,2.8457895070877353,2856
