CountryCAMEOCode,StartYear,EndYear,Mean,StdDev,NumArticles
CHN,2018,2018,-0.8480934964738605,2.8222901135657064,3537
