CountryCAMEOCode,StartYear,EndYear,Mean,StdDev,NumArticles
RUS,2015,2021,-2.0872433088293776,3.3106369471037076,1024753
