CountryCAMEOCode,StartYear,EndYear,Mean,StdDev,NumArticles
RUS,2018,2018,-2.055111232050104,3.1929426821152607,164759
