CountryCAMEOCode,StartYear,EndYear,Mean,StdDev,NumArticles
USA,2021,2021,-2.1534002245752486,3.0393974478260652,1830
