CountryCAMEOCode,StartYear,EndYear,Mean,StdDev,NumArticles
IND,2015,2021,-1.1409189710017542,3.1054570004843938,1179
