CountryCAMEOCode,StartYear,EndYear,Mean,StdDev,NumArticles
RUS,2016,2016,-3.326638690941088,2.9295675408589767,288914
