CountryCAMEOCode,StartYear,EndYear,Mean,StdDev,NumArticles
RUS,2018,2018,-3.7380205498614743,2.747269447881579,304357
