CountryCAMEOCode,StartYear,EndYear,Mean,StdDev,NumArticles
USA,2017,2017,-2.5316187850243623,2.2909139989260416,98736
