CountryCAMEOCode,StartYear,EndYear,Mean,StdDev,NumArticles
RUS,2019,2019,-3.1832072476675233,2.7868482820331164,191680
