CountryCAMEOCode,StartYear,EndYear,Mean,StdDev,NumArticles
RUS,2015,2015,-3.5280636603053366,2.9810588385829893,236006
