CountryCAMEOCode,StartYear,EndYear,Mean,StdDev,NumArticles
USA,2021,2021,-3.4698992553866925,3.0367926103427134,4978
