CountryCAMEOCode,StartYear,EndYear,Mean,StdDev,NumArticles
USA,2015,2021,-2.9756202857614107,2.5220061353915106,344154
