CountryCAMEOCode,StartYear,EndYear,Mean,StdDev,NumArticles
FRA,2018,2018,-3.7051122914398515,2.6330521007557586,6733
