CountryCAMEOCode,StartYear,EndYear,Mean,StdDev,NumArticles
FRA,2016,2016,-3.8327970193784444,3.1078476626402507,6066
