CountryCAMEOCode,StartYear,EndYear,Mean,StdDev,NumArticles
IND,2015,2015,-0.48862409046297434,3.5196038309643174,261
