CountryCAMEOCode,StartYear,EndYear,Mean,StdDev,NumArticles
IND,2019,2019,-0.35640792164751994,2.1635721187836747,129
