CountryCAMEOCode,StartYear,EndYear,Mean,StdDev,NumArticles
CHN,2016,2016,-2.0006559402017694,2.8560924953293965,7145
