CountryCAMEOCode,StartYear,EndYear,Mean,StdDev,NumArticles
ALL,2018,2018,2.7550893457983903,3.0024721672520767,1490
