CountryCAMEOCode,StartYear,EndYear,Mean,StdDev,NumArticles
USA,2019,2019,0.34943891821636613,2.8233629436357903,161
