CountryCAMEOCode,StartYear,EndYear,Mean,StdDev,NumArticles
ALL,2017,2017,-2.7980380150406368,3.6359296675717983,9544
