CountryCAMEOCode,StartYear,EndYear,Mean,StdDev,NumArticles
USA,2021,2021,-0.31519737895219746,2.9066999300216696,717
