CountryCAMEOCode,StartYear,EndYear,Mean,StdDev,NumArticles
CHN,2015,2015,-1.0266824280947138,2.8683386610544264,7431
