CountryCAMEOCode,StartYear,EndYear,Mean,StdDev,NumArticles
CHN,2016,2016,-0.4349484137730236,2.8390685191436185,9535
