CountryCAMEOCode,StartYear,EndYear,Mean,StdDev,NumArticles
USA,2019,2019,-2.0809204859509753,3.8290363984995657,3416
