CountryCAMEOCode,StartYear,EndYear,Mean,StdDev,NumArticles
RUS,2015,2021,-3.6140610641726845,2.9761220540044144,1754
