CountryCAMEOCode,StartYear,EndYear,Mean,StdDev,NumArticles
USA,2018,2018,-3.4372893776907563,3.1773817367680715,4042
