CountryCAMEOCode,StartYear,EndYear,Mean,StdDev,NumArticles
FRA,2015,2021,-2.2767711324019975,2.7613637927695254,1863
