CountryCAMEOCode,StartYear,EndYear,Mean,StdDev,NumArticles
CHN,2017,2017,-1.8924901372664438,2.9044542804588205,1503
