CountryCAMEOCode,StartYear,EndYear,Mean,StdDev,NumArticles
CHN,2019,2019,2.4279186178462417,3.2530208353352106,1740
