CountryCAMEOCode,StartYear,EndYear,Mean,StdDev,NumArticles
CHN,2015,2021,1.2948216250682667,3.9484730998461233,5273
