CountryCAMEOCode,StartYear,EndYear,Mean,StdDev,NumArticles
RUS,2021,2021,0.29857728448501786,3.2130191931283028,261
