CountryCAMEOCode,StartYear,EndYear,Mean,StdDev,NumArticles
CHN,2017,2017,1.2308341123558861,3.7401701714182662,1179
