CountryCAMEOCode,StartYear,EndYear,Mean,StdDev,NumArticles
RUS,2016,2016,-0.8397296820303144,3.2216052376703175,2409
