CountryCAMEOCode,StartYear,EndYear,Mean,StdDev,NumArticles
RUS,2015,2021,-0.42290240969829335,3.785246620844712,11308
