CountryCAMEOCode,StartYear,EndYear,Mean,StdDev,NumArticles
USA,2015,2015,0.37982269064747143,3.6484988132003657,409
