CountryCAMEOCode,StartYear,EndYear,Mean,StdDev,NumArticles
RUS,2015,2015,0.5586736465359476,3.6167917034971504,1444
