CountryCAMEOCode,StartYear,EndYear,Mean,StdDev,NumArticles
CHN,2019,2019,1.8154877120779107,3.3241992900896813,1242
