CountryCAMEOCode,StartYear,EndYear,Mean,StdDev,NumArticles
CHN,2016,2016,1.1185246751807514,3.4833622381295277,1285
