CountryCAMEOCode,StartYear,EndYear,Mean,StdDev,NumArticles
RUS,2017,2017,-0.7777866698146081,3.8466300651170653,2173
