CountryCAMEOCode,StartYear,EndYear,Mean,StdDev,NumArticles
ALL,2016,2016,-0.012460226676049357,3.371617233791771,17824
