CountryCAMEOCode,StartYear,EndYear,Mean,StdDev,NumArticles
ALL,2015,2015,1.3059963948347437,3.5433592745519795,10551
