CountryCAMEOCode,StartYear,EndYear,Mean,StdDev,NumArticles
USA,2016,2016,1.4784149405385376,2.5087979364920376,6766
