CountryCAMEOCode,StartYear,EndYear,Mean,StdDev,NumArticles
FRA,2020,2020,0.15574199647824855,3.2714079376487555,532
