CountryCAMEOCode,StartYear,EndYear,Mean,StdDev,NumArticles
RUS,2015,2015,2.7422107006019854,2.4193913910108917,1667
