CountryCAMEOCode,StartYear,EndYear,Mean,StdDev,NumArticles
ALL,2018,2018,1.6365477941822741,3.3615169898988966,123904
