CountryCAMEOCode,StartYear,EndYear,Mean,StdDev,NumArticles
FRA,2015,2015,1.7711692658026295,2.9430689566759125,1278
