CountryCAMEOCode,StartYear,EndYear,Mean,StdDev,NumArticles
ALL,2015,2015,1.6986089804162017,3.1769787245746333,102284
