CountryCAMEOCode,StartYear,EndYear,Mean,StdDev,NumArticles
FRA,2016,2016,2.5480604930868767,2.3536506058878226,2976
