CountryCAMEOCode,StartYear,EndYear,Mean,StdDev,NumArticles
RUS,2020,2020,0.6433364593575883,3.4255913054463334,1046
