CountryCAMEOCode,StartYear,EndYear,Mean,StdDev,NumArticles
CHN,2017,2017,2.2667989874307874,3.2379946387840466,3595
