CountryCAMEOCode,StartYear,EndYear,Mean,StdDev,NumArticles
CHN,2018,2018,1.2453813459282428,3.4102341952176256,2531
