CountryCAMEOCode,StartYear,EndYear,Mean,StdDev,NumArticles
RUS,2017,2017,2.6234531627432123,2.5161598331738717,2055
