CountryCAMEOCode,StartYear,EndYear,Mean,StdDev,NumArticles
RUS,2018,2018,3.3987384336005686,2.2130662899183338,1585
