CountryCAMEOCode,StartYear,EndYear,Mean,StdDev,NumArticles
ALL,2016,2016,1.4813667992607304,3.2789519253259907,162805
