CountryCAMEOCode,StartYear,EndYear,Mean,StdDev,NumArticles
RUS,2015,2021,-1.5510982195407184,2.7237895898070885,2587
