CountryCAMEOCode,StartYear,EndYear,Mean,StdDev,NumArticles
USA,2015,2015,-2.0835386238242317,3.0468091467033998,3850
