CountryCAMEOCode,StartYear,EndYear,Mean,StdDev,NumArticles
CHN,2019,2019,-2.1989954956646254,2.4903905247066978,1967
