CountryCAMEOCode,StartYear,EndYear,Mean,StdDev,NumArticles
ALL,2018,2018,-3.7227815516385716,3.5552114549224245,35359
