CountryCAMEOCode,StartYear,EndYear,Mean,StdDev,NumArticles
FRA,2015,2021,-0.007671484646069746,2.928397968089306,1192
