CountryCAMEOCode,StartYear,EndYear,Mean,StdDev,NumArticles
USA,2015,2021,-2.4285521453376098,3.3604198464870776,1021
