CountryCAMEOCode,StartYear,EndYear,Mean,StdDev,NumArticles
ALL,2015,2015,-4.7492196704078475,3.6323102350367953,6463
