News, Articles, Mean tone, Standard deviation in tone 
Chinese Sources,3761,2.232688439,3.229685205
Western Sources,1198,-0.388270849,3.404526399
Local Sources ,1398,0.437195826,2.867228754