News,  Articles, Mean tone, Standard deviation in tone 
Chinese Sources,2072,2.236078044,3.27702245
Western Sources,554,-0.428884343,3.442233485
Local Sources,648,0.430051216,3.044842292