News, # Articles, Mean tone, Standard deviation in tone 
Chinese Sources,1422,2.154526847,3.29659747
Western Sources,400,-0.454499058,3.529387004
Local Sources,473,0.267031047,2.973888885