CountryCAMEOCode,StartYear,EndYear,Mean,StdDev,NumArticles
CHN,2018,2018,1.2781951605034005,1.0252408071782761,2323
