CountryCAMEOCode,StartYear,EndYear,Mean,StdDev,NumArticles
FRA,2015,2015,-0.7975222198559999,1.5514764560665555,6656
