CountryCAMEOCode,StartYear,EndYear,Mean,StdDev,NumArticles
USA,2017,2017,0.23268886752178458,1.3631258238240673,1874
