CountryCAMEOCode,StartYear,EndYear,Mean,StdDev,NumArticles
FRA,2017,2017,0.8584150634099648,2.7100734491195198,2524
