CountryCAMEOCode,StartYear,EndYear,Mean,StdDev,NumArticles
ALL,2016,2016,-0.1923414113549382,2.0699427894678486,448088
