CountryCAMEOCode,StartYear,EndYear,Mean,StdDev,NumArticles
CHN,2015,2021,0.2500288708771882,3.229800161027199,20429
