CountryCAMEOCode,StartYear,EndYear,Mean,StdDev,NumArticles
CHN,2018,2018,1.2638400952840276,3.1436009661943904,2762
