CountryCAMEOCode,StartYear,EndYear,Mean,StdDev,NumArticles
CHN,2019,2019,1.7954952439772578,3.3206872937454373,2261
