CountryCAMEOCode,StartYear,EndYear,Mean,StdDev,NumArticles
CHN,2015,2015,0.5318119105168615,3.2834157923912337,4175
