CountryCAMEOCode,StartYear,EndYear,Mean,StdDev,NumArticles
FRA,2017,2017,0.17466420396872598,3.3964580237546618,911
