CountryCAMEOCode,StartYear,EndYear,Mean,StdDev,NumArticles
USA,2015,2015,-0.5737027380961869,3.0014106528686275,11848
