CountryCAMEOCode,StartYear,EndYear,Mean,StdDev,NumArticles
CHN,2016,2016,-1.4085043079677817,2.7754384964493632,12773
