CountryCAMEOCode,StartYear,EndYear,Mean,StdDev,NumArticles
USA,2017,2017,-1.1373181499290914,2.8136652011063212,19789
