CountryCAMEOCode,StartYear,EndYear,Mean,StdDev,NumArticles
ALL,2019,2019,-1.6248432907810382,3.5291127850843877,286999
