CountryCAMEOCode,StartYear,EndYear,Mean,StdDev,NumArticles
FRA,2015,2015,0.7462004734311247,4.0472090850986895,1393
