CountryCAMEOCode,StartYear,EndYear,Mean,StdDev,NumArticles
RUS,2018,2018,0.18180962781886204,2.8581935838103067,1634
