CountryCAMEOCode,StartYear,EndYear,Mean,StdDev,NumArticles
CHN,2020,2020,-1.6765129418614158,2.7973743319166733,4287
