CountryCAMEOCode,StartYear,EndYear,Mean,StdDev,NumArticles
FRA,2016,2016,0.36326019271161436,3.4755661720003195,1490
