CountryCAMEOCode,StartYear,EndYear,Mean,StdDev,NumArticles
RUS,2015,2015,-0.08560491404178226,2.507192944339597,1447
