CountryCAMEOCode,StartYear,EndYear,Mean,StdDev,NumArticles
USA,2017,2017,-2.5974619918126747,2.4741740988082537,15321
