CountryCAMEOCode,StartYear,EndYear,Mean,StdDev,NumArticles
RUS,2019,2019,-2.4624855279085605,2.3699188365005464,1250
