CountryCAMEOCode,StartYear,EndYear,Mean,StdDev,NumArticles
RUS,2017,2017,-2.5486506914146703,2.6529926972476416,1079
