CountryCAMEOCode,StartYear,EndYear,Mean,StdDev,NumArticles
RUS,2018,2018,-1.2982613685673001,2.2740580757918445,1221
