CountryCAMEOCode,StartYear,EndYear,Mean,StdDev,NumArticles
ALL,2017,2017,-3.0979014590882077,2.923720052646391,110876
