CountryCAMEOCode,StartYear,EndYear,Mean,StdDev,NumArticles
RUS,2015,2015,0.8683919818158057,3.2080802619213027,1383
