CountryCAMEOCode,StartYear,EndYear,Mean,StdDev,NumArticles
USA,2016,2016,0.039578103995970816,3.5923651981560814,541
