CountryCAMEOCode,StartYear,EndYear,Mean,StdDev,NumArticles
RUS,2019,2019,0.8661278666870093,3.6590451535995325,1196
