CountryCAMEOCode,StartYear,EndYear,Mean,StdDev,NumArticles
ALL,2019,2019,0.7205353176287428,3.5416935403900953,36165
