CountryCAMEOCode,StartYear,EndYear,Mean,StdDev,NumArticles
RUS,2017,2017,0.8320226573552671,3.3524220778376432,1043
