CountryCAMEOCode,StartYear,EndYear,Mean,StdDev,NumArticles
ALL,2020,2020,-0.41925045340370215,3.5309415539575117,20821
