CountryCAMEOCode,StartYear,EndYear,Mean,StdDev,NumArticles
ALL,2021,2021,-0.24532023156193972,3.3144533942053833,2646
