CountryCAMEOCode,StartYear,EndYear,Mean,StdDev,NumArticles
RUS,2016,2016,-0.19642772234601688,3.8843126739844243,1546
