CountryCAMEOCode,StartYear,EndYear,Mean,StdDev,NumArticles
ALL,2015,2021,-2.3999224649415076,3.4984399274930333,53481
