CountryCAMEOCode,StartYear,EndYear,Mean,StdDev,NumArticles
USA,2016,2016,0.4275547988384242,0.0009314204242236697,3
