CountryCAMEOCode,StartYear,EndYear,Mean,StdDev,NumArticles
ALL,2019,2019,1.1679587749010194,2.8932218945431765,1054
