CountryCAMEOCode,StartYear,EndYear,Mean,StdDev,NumArticles
ALL,2015,2021,0.20903927369530065,3.782532728079355,7687
