CountryCAMEOCode,StartYear,EndYear,Mean,StdDev,NumArticles
FRA,2016,2016,0.05992546791021983,3.0664811482889336,1422
