CountryCAMEOCode,StartYear,EndYear,Mean,StdDev,NumArticles
USA,2018,2018,-2.6525812259292665,2.9528649815533394,3002
