CountryCAMEOCode,StartYear,EndYear,Mean,StdDev,NumArticles
IND,2015,2021,0.018642123157412132,3.1295518237536677,2001
