CountryCAMEOCode,StartYear,EndYear,Mean,StdDev,NumArticles
USA,2016,2016,-2.0634820614124423,3.0766400767401003,24471
