CountryCAMEOCode,StartYear,EndYear,Mean,StdDev,NumArticles
CHN,2018,2018,0.1423704868930419,3.2283015755342612,1167
