CountryCAMEOCode,StartYear,EndYear,Mean,StdDev,NumArticles
FRA,2018,2018,-2.7749174529010245,3.0670105085638877,2615
