CountryCAMEOCode,StartYear,EndYear,Mean,StdDev,NumArticles
IND,2016,2016,0.17970103675322957,2.9177559886032585,1170
