CountryCAMEOCode,StartYear,EndYear,Mean,StdDev,NumArticles
RUS,2018,2018,-3.3115359975979786,2.4238967480058067,6623
