CountryCAMEOCode,StartYear,EndYear,Mean,StdDev,NumArticles
RUS,2020,2020,-1.7304418261701957,2.7763576876059646,3904
