CountryCAMEOCode,StartYear,EndYear,Mean,StdDev,NumArticles
FRA,2020,2020,-2.5408400963965065,2.8147178051131143,1834
