CountryCAMEOCode,StartYear,EndYear,Mean,StdDev,NumArticles
ALL,2015,2021,-2.7419782819440663,3.4399680043193226,2169405
