CountryCAMEOCode,StartYear,EndYear,Mean,StdDev,NumArticles
FRA,2016,2016,-1.6516970156485498,2.9137019533134243,4533
