CountryCAMEOCode,StartYear,EndYear,Mean,StdDev,NumArticles
USA,2021,2021,-1.2996531695669227,2.8844765230063585,3950
