CountryCAMEOCode,StartYear,EndYear,Mean,StdDev,NumArticles
RUS,2016,2016,-2.0657339533871517,3.1163448207342626,3044
