CountryCAMEOCode,StartYear,EndYear,Mean,StdDev,NumArticles
USA,2015,2021,-1.6898278898324066,2.9583568252812498,165155
