CountryCAMEOCode,StartYear,EndYear,Mean,StdDev,NumArticles
FRA,2017,2017,-2.0797644300851905,2.8954421003435913,2606
