CountryCAMEOCode,StartYear,EndYear,Mean,StdDev,NumArticles
USA,2021,2021,-1.6563021520305594,2.8029842907086633,2588
