CountryCAMEOCode,StartYear,EndYear,Mean,StdDev,NumArticles
IND,2015,2015,-0.17977410467439453,3.6410966572472656,158
