CountryCAMEOCode,StartYear,EndYear,Mean,StdDev,NumArticles
RUS,2015,2021,-3.0043521844656635,2.4894460096890234,15504
