CountryCAMEOCode,StartYear,EndYear,Mean,StdDev,NumArticles
USA,2015,2015,-2.5942476682858935,2.8708120985464736,23022
