CountryCAMEOCode,StartYear,EndYear,Mean,StdDev,NumArticles
USA,2019,2019,-2.2035547154963284,2.9031077248923887,17566
