CountryCAMEOCode,StartYear,EndYear,Mean,StdDev,NumArticles
USA,2018,2018,-3.0104338285381567,3.096744109027158,21095
