CountryCAMEOCode,StartYear,EndYear,Mean,StdDev,NumArticles
ALL,2015,2015,0.7035354230308146,3.7782264584686187,1307
