CountryCAMEOCode,StartYear,EndYear,Mean,StdDev,NumArticles
ALL,2018,2018,1.0866679958809795,3.0555260557629924,1333
