CountryCAMEOCode,StartYear,EndYear,Mean,StdDev,NumArticles
ALL,2019,2019,-2.3788669690537865,3.6623472647466278,1312
