CountryCAMEOCode,StartYear,EndYear,Mean,StdDev,NumArticles
ALL,2016,2016,0.27764598904829657,3.883848485440066,3877
