CountryCAMEOCode,StartYear,EndYear,Mean,StdDev,NumArticles
ALL,2020,2020,-1.4466706054217777,3.4511801812189913,7101
