CountryCAMEOCode,StartYear,EndYear,Mean,StdDev,NumArticles
ALL,2019,2019,0.3682343973217939,3.8896073696239934,3905
