CountryCAMEOCode,StartYear,EndYear,Mean,StdDev,NumArticles
ALL,2015,2021,0.2882512918032792,3.8586223453755957,19729
