CountryCAMEOCode,StartYear,EndYear,Mean,StdDev,NumArticles
USA,2019,2019,-2.9341903839542316,2.3450313751738032,7012
