CountryCAMEOCode,StartYear,EndYear,Mean,StdDev,NumArticles
IND,2017,2017,-0.5171875573925785,3.5233807644935107,3370
