CountryCAMEOCode,StartYear,EndYear,Mean,StdDev,NumArticles
CHN,2016,2016,0.0015586132374138812,3.9759941961311434,5821
