CountryCAMEOCode,StartYear,EndYear,Mean,StdDev,NumArticles
USA,2019,2019,-0.3419254117275482,3.7134842037451983,4351
