CountryCAMEOCode,StartYear,EndYear,Mean,StdDev,NumArticles
USA,2016,2016,-2.7398087312970127,3.0517934282576693,28765
