CountryCAMEOCode,StartYear,EndYear,Mean,StdDev,NumArticles
IND,2015,2021,-1.4051347768879054,3.553734344322524,22390
