CountryCAMEOCode,StartYear,EndYear,Mean,StdDev,NumArticles
CHN,2018,2018,1.1974264137086372,3.0993690812370986,1793
