CountryCAMEOCode,StartYear,EndYear,Mean,StdDev,NumArticles
RUS,2017,2017,0.9515257589521532,3.3524117794594313,1221
