CountryCAMEOCode,StartYear,EndYear,Mean,StdDev,NumArticles
CHN,2015,2015,1.5816374795168588,2.9256996256197936,1595
