CountryCAMEOCode,StartYear,EndYear,Mean,StdDev,NumArticles
IND,2018,2018,-0.6800316189914296,3.5065032741483724,2789
