CountryCAMEOCode,StartYear,EndYear,Mean,StdDev,NumArticles
CHN,2015,2021,0.3280900118441031,3.4072592160652957,16946
