CountryCAMEOCode,StartYear,EndYear,Mean,StdDev,NumArticles
ALL,2017,2017,-5.7635792770702885,3.1789833230361415,57914
