CountryCAMEOCode,StartYear,EndYear,Mean,StdDev,NumArticles
USA,2015,2015,-6.3593146387443635,3.2656605312971707,1839
