CountryCAMEOCode,StartYear,EndYear,Mean,StdDev,NumArticles
USA,2020,2020,-2.0711201349766952,0.0057786208989784975,4
