CountryCAMEOCode,StartYear,EndYear,Mean,StdDev,NumArticles
FRA,2020,2020,0.018319815577858875,1.9987601474066474,63
