CountryCAMEOCode,StartYear,EndYear,Mean,StdDev,NumArticles
ALL,2016,2016,0.5152472070803022,3.5913214546875656,10336
