CountryCAMEOCode,StartYear,EndYear,Mean,StdDev,NumArticles
ALL,2018,2018,0.14811376337836266,3.4893460715886833,7045
