CountryCAMEOCode,StartYear,EndYear,Mean,StdDev,NumArticles
ALL,2019,2019,-2.9952334723047604,3.7223623552052922,1177
