News,#Articles,Mean Tone,Standard Deviation in Tone
Chinese Sources,113, 3.9307372923445913, 3.1073274153578754)
Western Sources,7, -2.7397996868406023, 1.4253562123816166
Local Sources,

