CountryCAMEOCode,StartYear,EndYear,Mean,StdDev,NumArticles
USA,2015,2015,-1.1556128593150357,3.8159421311227657,2835
