CountryCAMEOCode,StartYear,EndYear,Mean,StdDev,NumArticles
CHN,2020,2020,-0.02469552636101336,3.3173956472374253,5725
