CountryCAMEOCode,StartYear,EndYear,Mean,StdDev,NumArticles
IND,2015,2021,-3.6385755262475645,3.7413146242605726,6094
