CountryCAMEOCode,StartYear,EndYear,Mean,StdDev,NumArticles
FRA,2015,2015,-2.0760272046688377,4.4137630218772275,1131
