CountryCAMEOCode,StartYear,EndYear,Mean,StdDev,NumArticles
RUS,2015,2015,0.09228494345600352,2.9844253225761896,1639
