CountryCAMEOCode,StartYear,EndYear,Mean,StdDev,NumArticles
CHN,2018,2018,0.7133718551874313,3.5861239616775613,12680
