CountryCAMEOCode,StartYear,EndYear,Mean,StdDev,NumArticles
USA,2019,2019,-0.7578412536755605,3.5235425367468114,14695
