CountryCAMEOCode,StartYear,EndYear,Mean,StdDev,NumArticles
RUS,2015,2021,-0.17533009891005077,3.1687386754514355,11030
