CountryCAMEOCode,StartYear,EndYear,Mean,StdDev,NumArticles
CHN,2016,2016,0.27901773581745104,3.4990354392351453,9691
