CountryCAMEOCode,StartYear,EndYear,Mean,StdDev,NumArticles
IND,2017,2017,-3.3559232320813868,3.8033609025554913,2559
