CountryCAMEOCode,StartYear,EndYear,Mean,StdDev,NumArticles
ALL,2021,2021,-2.0329985202378342,3.8869533760348025,84683
