CountryCAMEOCode,StartYear,EndYear,Mean,StdDev,NumArticles
USA,2021,2021,-1.8647304339594115,3.8581053492135315,1246
