CountryCAMEOCode,StartYear,EndYear,Mean,StdDev,NumArticles
CHN,2019,2019,-2.7166512340807154,2.8165976886694146,3097
