CountryCAMEOCode,StartYear,EndYear,Mean,StdDev,NumArticles
CHN,2017,2017,-1.8120410154622917,2.8749777149638596,2949
