CountryCAMEOCode,StartYear,EndYear,Mean,StdDev,NumArticles
IND,2020,2020,-4.4713542149609316,3.0697660051467612,1771
