CountryCAMEOCode,StartYear,EndYear,Mean,StdDev,NumArticles
USA,2015,2015,-3.9382439684276322,3.2936396530139076,8182
