CountryCAMEOCode,StartYear,EndYear,Mean,StdDev,NumArticles
CHN,2015,2015,-1.1005892240827373,3.2847863114104356,2962
