CountryCAMEOCode,StartYear,EndYear,Mean,StdDev,NumArticles
CHN,2015,2021,-2.0060412201087097,3.1284157461527045,17462
