CountryCAMEOCode,StartYear,EndYear,Mean,StdDev,NumArticles
ALL,2015,2015,-2.0517314982286425,3.9509128474745006,5388
