CountryCAMEOCode,StartYear,EndYear,Mean,StdDev,NumArticles
ALL,2019,2019,1.1565033143859114,3.7126948101184754,1925
