CountryCAMEOCode,StartYear,EndYear,Mean,StdDev,NumArticles
CHN,2018,2018,3.3009268010949517,2.4423740988833247,1279
