CountryCAMEOCode,StartYear,EndYear,Mean,StdDev,NumArticles
FRA,2017,2017,-0.20419658275585437,1.9006443114030207,220
