CountryCAMEOCode,StartYear,EndYear,Mean,StdDev,NumArticles
RUS,2016,2016,0.36439533687318076,1.7113577055586082,132
