CountryCAMEOCode,StartYear,EndYear,Mean,StdDev,NumArticles
ALL,2021,2021,-3.9863946928752605,2.9019379409752504,1356
