CountryCAMEOCode,StartYear,EndYear,Mean,StdDev,NumArticles
FRA,2015,2015,-0.40880075994271403,3.212875171758714,1974
