CountryCAMEOCode,StartYear,EndYear,Mean,StdDev,NumArticles
FRA,2018,2018,-1.6158943761079836,3.4920050506684177,1163
