CountryCAMEOCode,StartYear,EndYear,Mean,StdDev,NumArticles
RUS,2018,2018,-0.31961507104307585,2.5133842461926283,183
