CountryCAMEOCode,StartYear,EndYear,Mean,StdDev,NumArticles
FRA,2016,2016,-0.9424424377673072,3.1240499341114374,2711
