CountryCAMEOCode,StartYear,EndYear,Mean,StdDev,NumArticles
USA,2018,2018,0.08872007364045723,2.6377472700408524,405
