CountryCAMEOCode,StartYear,EndYear,Mean,StdDev,NumArticles
USA,2015,2021,-0.17201244742912716,3.146205573652113,2956
