CountryCAMEOCode,StartYear,EndYear,Mean,StdDev,NumArticles
ALL,2017,2017,1.3400163738531545,3.0564150112191077,4270
