CountryCAMEOCode,StartYear,EndYear,Mean,StdDev,NumArticles
FRA,2020,2020,0.27786129234682866,2.9922339714098523,193
