CountryCAMEOCode,StartYear,EndYear,Mean,StdDev,NumArticles
ALL,2019,2019,1.8762850763536318,3.3410172216140874,10104
