CountryCAMEOCode,StartYear,EndYear,Mean,StdDev,NumArticles
ALL,2021,2021,0.9398045681747633,2.7183046376424027,1880
