CountryCAMEOCode,StartYear,EndYear,Mean,StdDev,NumArticles
ALL,2020,2020,0.8080046875505047,2.9261037249436788,11392
