CountryCAMEOCode,StartYear,EndYear,Mean,StdDev,NumArticles
USA,2018,2018,0.43165183108987343,1.5396300394241056,253
