CountryCAMEOCode,StartYear,EndYear,Mean,StdDev,NumArticles
CHN,2015,2021,1.8944434910729242,3.3959172273737894,9793
