CountryCAMEOCode,StartYear,EndYear,Mean,StdDev,NumArticles
CHN,2017,2017,2.4981036799366216,2.9999607936717942,1552
