CountryCAMEOCode,StartYear,EndYear,Mean,StdDev,NumArticles
CHN,2019,2019,1.1088877020357355,2.8958355714517765,2728
