CountryCAMEOCode,StartYear,EndYear,Mean,StdDev,NumArticles
CHN,2017,2017,0.8894272114146335,2.4696040659849303,2879
