CountryCAMEOCode,StartYear,EndYear,Mean,StdDev,NumArticles
USA,2019,2019,0.03281773319497805,3.4460014982868334,1360
