CountryCAMEOCode,StartYear,EndYear,Mean,StdDev,NumArticles
USA,2017,2017,0.4599467303897781,3.5449147289917295,1178
