CountryCAMEOCode,StartYear,EndYear,Mean,StdDev,NumArticles
CHN,2021,2021,-0.30088173777645383,2.4479696934484747,150
