CountryCAMEOCode,StartYear,EndYear,Mean,StdDev,NumArticles
IND,2015,2021,-2.5613298923794194,3.7405278728271085,2389
