CountryCAMEOCode,StartYear,EndYear,Mean,StdDev,NumArticles
CHN,2020,2020,-2.0221072274500593,2.8304305158646965,1220
