CountryCAMEOCode,StartYear,EndYear,Mean,StdDev,NumArticles
ALL,2015,2021,-2.790372285087408,3.7281549017646305,76693
