CountryCAMEOCode,StartYear,EndYear,Mean,StdDev,NumArticles
ALL,2015,2015,-3.9173230139576525,3.4492756115697127,28298
