CountryCAMEOCode,StartYear,EndYear,Mean,StdDev,NumArticles
FRA,2017,2017,-0.30694499595699215,2.8397490655529714,227
