CountryCAMEOCode,StartYear,EndYear,Mean,StdDev,NumArticles
ALL,2021,2021,-2.2776712888218165,4.8333070490091465,1505
