CountryCAMEOCode,StartYear,EndYear,Mean,StdDev,NumArticles
FRA,2015,2021,-1.2799733670175897,3.6484617975707803,4630
