CountryCAMEOCode,StartYear,EndYear,Mean,StdDev,NumArticles
FRA,2016,2016,-1.4331650181948092,3.6472441058802074,1180
