CountryCAMEOCode,StartYear,EndYear,Mean,StdDev,NumArticles
ALL,2021,2021,-3.5701931498964523,3.3158424652635152,3026
