CountryCAMEOCode,StartYear,EndYear,Mean,StdDev,NumArticles
USA,2015,2015,-3.9056967668628975,2.7854004244706285,4959
