CountryCAMEOCode,StartYear,EndYear,Mean,StdDev,NumArticles
RUS,2020,2020,-3.3913825689174777,2.2443891948398473,2890
