CountryCAMEOCode,StartYear,EndYear,Mean,StdDev,NumArticles
RUS,2019,2019,-3.2551334958330593,2.5166539688004486,1318
