CountryCAMEOCode,StartYear,EndYear,Mean,StdDev,NumArticles
USA,2016,2016,-3.8212300457376545,2.6330375344909216,6743
