CountryCAMEOCode,StartYear,EndYear,Mean,StdDev,NumArticles
CHN,2016,2016,2.0757089944610487,3.1907386554707866,2239
