CountryCAMEOCode,StartYear,EndYear,Mean,StdDev,NumArticles
ALL,2018,2018,-2.6461877706279044,3.811533662621369,25134
