CountryCAMEOCode,StartYear,EndYear,Mean,StdDev,NumArticles
ALL,2020,2020,0.7815810999558929,3.8712328930357582,11982
