CountryCAMEOCode,StartYear,EndYear,Mean,StdDev,NumArticles
ALL,2021,2021,1.1458606226571195,3.8002033661744608,2789
