CountryCAMEOCode,StartYear,EndYear,Mean,StdDev,NumArticles
ALL,2018,2018,1.2973165395832542,3.9556564709627353,14159
