CountryCAMEOCode,StartYear,EndYear,Mean,StdDev,NumArticles
USA,2020,2020,0.30602378302464217,3.6191911144138684,490
