CountryCAMEOCode,StartYear,EndYear,Mean,StdDev,NumArticles
FRA,2017,2017,-2.7024094055628556,2.1837112204828415,2176
