CountryCAMEOCode,StartYear,EndYear,Mean,StdDev,NumArticles
CHN,2019,2019,-1.0872154821080715,2.9663330568744244,1628
