CountryCAMEOCode,StartYear,EndYear,Mean,StdDev,NumArticles
CHN,2017,2017,-0.13343439563787038,2.1874819161308827,1026
