CountryCAMEOCode,StartYear,EndYear,Mean,StdDev,NumArticles
FRA,2015,2015,-1.4278541451015783,3.1439441124185814,1789
