CountryCAMEOCode,StartYear,EndYear,Mean,StdDev,NumArticles
USA,2021,2021,-1.9661363841837978,2.5188728400542604,2813
