CountryCAMEOCode,StartYear,EndYear,Mean,StdDev,NumArticles
RUS,2015,2021,-2.0600852665873384,2.332198130503134,18534
