CountryCAMEOCode,StartYear,EndYear,Mean,StdDev,NumArticles
FRA,2015,2021,-2.5002903184298035,3.0211368694619796,8934
