CountryCAMEOCode,StartYear,EndYear,Mean,StdDev,NumArticles
CHN,2016,2016,1.3688088469384525,3.5533397109796225,2190
