CountryCAMEOCode,StartYear,EndYear,Mean,StdDev,NumArticles
CHN,2021,2021,-0.018327712879707678,1.8976224716465941,176
