CountryCAMEOCode,StartYear,EndYear,Mean,StdDev,NumArticles
ALL,2016,2016,-2.255828349357576,3.9803953602005557,116314
