CountryCAMEOCode,StartYear,EndYear,Mean,StdDev,NumArticles
USA,2016,2016,-1.6604361956375167,3.9593011550271915,3652
