CountryCAMEOCode,StartYear,EndYear,Mean,StdDev,NumArticles
CHN,2020,2020,-1.6359913823106407,3.3626050274472385,1242
