CountryCAMEOCode,StartYear,EndYear,Mean,StdDev,NumArticles
CHN,2017,2017,-1.0760377845773539,3.4544112458614133,2142
