CountryCAMEOCode,StartYear,EndYear,Mean,StdDev,NumArticles
CHN,2019,2019,-0.7588621867752691,3.8132687445022597,1537
