CountryCAMEOCode,StartYear,EndYear,Mean,StdDev,NumArticles
ALL,2016,2016,-3.7883949662216807,3.7802935677139136,47079
