CountryCAMEOCode,StartYear,EndYear,Mean,StdDev,NumArticles
CHN,2017,2017,-2.1803779327854755,2.9847897261381147,1077
