CountryCAMEOCode,StartYear,EndYear,Mean,StdDev,NumArticles
CHN,2016,2016,-3.2239702907419208,3.7174779502462023,2002
