CountryCAMEOCode,StartYear,EndYear,Mean,StdDev,NumArticles
ALL,2015,2015,-1.8751629580024656,3.8471832236077965,37574
