CountryCAMEOCode,StartYear,EndYear,Mean,StdDev,NumArticles
USA,2020,2020,-0.049560693002331485,3.4869857065377285,685
