CountryCAMEOCode,StartYear,EndYear,Mean,StdDev,NumArticles
RUS,2015,2021,-2.4340925408955236,3.4848697805895315,1074
