CountryCAMEOCode,StartYear,EndYear,Mean,StdDev,NumArticles
USA,2015,2021,-1.5525592977660374,3.6539098011784823,8538
