CountryCAMEOCode,StartYear,EndYear,Mean,StdDev,NumArticles
USA,2017,2017,-1.4461095396866808,3.4453337381904037,1472
