CountryCAMEOCode,StartYear,EndYear,Mean,StdDev,NumArticles
ALL,2015,2015,-1.6282025615532398,3.4841281815764633,115315
