CountryCAMEOCode,StartYear,EndYear,Mean,StdDev,NumArticles
ALL,2020,2020,-3.9210600793189334,3.8803037135363234,10776
