News,# Articles,Mean Tone,Standard Deviation in Tone
Chinese Sources,109,5.1751687256021235,2.803867051685992
Western Sources,0,,
Local Sources,284,1.2529264424573368,3.420774086106328
