News,# Articles,Mean Tone,Standard Deviation in Tone
Chinese Sources,64,5.246913319919258,2.4968640993627713
Western Sources,0,,
Local Sources,183,1.5084886785413398,3.131581202891252
