News,# Articles,Mean Tone,Standard Deviation in Tone
Chinese Sources,44,5.1732537211342295,2.282956683636984
Western Sources,0,,
Local Sources,128,1.4029529420658946,3.254898553132992
