News,# Articles,Mean Tone,Standard Deviation in Tone
Chinese Sources,139,4.999525048535505,2.81640479245746
Western Sources,0,,
Local Sources,319,1.2908051375031098,3.518539717601084
