CountryCAMEOCode,StartYear,EndYear,Mean,StdDev,NumArticles
ALL,2021,2021,0.04087950121701679,2.5804364892520293,1189
