CountryCAMEOCode,StartYear,EndYear,Mean,StdDev,NumArticles
CHN,2016,2016,-1.2689968847065813,3.1952590151095404,1944
