CountryCAMEOCode,StartYear,EndYear,Mean,StdDev,NumArticles
USA,2017,2017,-2.6653557957918537,3.5579241990158845,4056
