CountryCAMEOCode,StartYear,EndYear,Mean,StdDev,NumArticles
CHN,2015,2021,-1.7445298757357384,3.0976027794866323,1346
