CountryCAMEOCode,StartYear,EndYear,Mean,StdDev,NumArticles
ALL,2020,2020,-4.438376402931902,3.6937864938704066,10073
