CountryCAMEOCode,StartYear,EndYear,Mean,StdDev,NumArticles
RUS,2017,2017,-0.060782259525418866,3.3132753014914416,217
