CountryCAMEOCode,StartYear,EndYear,Mean,StdDev,NumArticles
USA,2017,2017,1.0846685400161484,3.7654626273037772,1094
