CountryCAMEOCode,StartYear,EndYear,Mean,StdDev,NumArticles
USA,2015,2015,0.37871679413210885,3.726062654155422,1212
