CountryCAMEOCode,StartYear,EndYear,Mean,StdDev,NumArticles
ALL,2018,2018,-1.7084423145203076,4.7222103408947085,1903
