News,# Articles,Mean Tone,Standard Deviation in Tone
Chinese Sources,6,0.7009676098823547,1.912702122270119
Western Sources,0,,
Local Sources,30,3.7139302591482797,4.557989967838614
