CountryCAMEOCode,StartYear,EndYear,Mean,StdDev,NumArticles
ALL,2016,2016,-0.4915505327202243,3.6676269246649693,1347
