CountryCAMEOCode,StartYear,EndYear,Mean,StdDev,NumArticles
ALL,2015,2021,-1.2149955202687668,3.3175250947065633,13954
