CountryCAMEOCode,StartYear,EndYear,Mean,StdDev,NumArticles
ALL,2019,2019,-0.7248999803975078,3.2232242508153597,2082
