CountryCAMEOCode,StartYear,EndYear,Mean,StdDev,NumArticles
CHN,2017,2017,-0.044647428239566356,0.9435808731843525,27
