News,#Articles,Mean Tone,Standard Deviation in Tone
Chinese Sources,202, 1.847731472020692, 3.0209758846908086
Western Sources, 44, -1.227241961793466, 2.218829717575229
Local Sources ,
