News,#Articles,Mean Tone,Standard Deviation in Tone
Chinese Sources, 800, 2.5298789291083814, 3.1087467978079046
Western Sources, 278, -2.668246185929655, 2.342874914736971
Local Sources ,
