News,#Articles,Mean Tone,Standard Deviation in Tone
Chinese Sources, 537, 2.2173838190859256, 3.2093637060615015
Western Sources, 227, -2.5134532864529655, 2.148689710620781
Local Sources ,
