News,#Articles,Mean Tone,Standard Deviation in Tone
Chinese Sources, 331, 2.056173778237533, 3.056586538341784
Western Sources, 101, -1.54950914067207, 2.230114336523571
Local Sources ,
