CountryCAMEOCode,StartYear,EndYear,Mean,StdDev,NumArticles
USA,2020,2020,-0.20763424572616582,3.4473142064162197,103
