CountryCAMEOCode,StartYear,EndYear,Mean,StdDev,NumArticles
CHN,2021,2021,-3.2134678337103297,0.0034770694664732894,2
