News,#Articles,Mean Tone,Standard Deviation in Tone
Chinese Sources,2663,1.717603165,3.90638876
Western Sources,1817,-2.961984568,3.384876278
Local Sources ,4049,1.212077641,3.299883276