News,#Articles,Mean Tone,Standard Deviation in Tone
Chinese Sources,1344,1.47390504,4.062042533
Western Sources,666,-3.053149727,3.322137279
Local Sources ,2066,0.4575440213,3.523793765