News,#Articles,Mean Tone,Standard Deviation in Tone
Chinese Sources,853,1.333559554,4.171569544
Western Sources,554,-0.4288843429,3.442233485
Local Sources ,1179,1.146308334,3.266486913