CountryCAMEOCode,StartYear,EndYear,Mean,StdDev,NumArticles
USA,2015,2021,0.47920760519386074,3.4798105523611227,6552
