CountryCAMEOCode,StartYear,EndYear,Mean,StdDev,NumArticles
FRA,2019,2019,0.5626288915340008,3.4528243744673217,1030
