CountryCAMEOCode,StartYear,EndYear,Mean,StdDev,NumArticles
USA,2017,2017,0.36003655292247483,3.6522630361888027,965
