CountryCAMEOCode,StartYear,EndYear,Mean,StdDev,NumArticles
ALL,2021,2021,-0.7378456811683898,3.6996030556461617,7666
