CountryCAMEOCode,StartYear,EndYear,Mean,StdDev,NumArticles
USA,2016,2016,0.4245619526356746,3.5077911128179924,2090
