CountryCAMEOCode,StartYear,EndYear,Mean,StdDev,NumArticles
FRA,2016,2016,-0.4168855816438703,3.8986784186174503,2522
