CountryCAMEOCode,StartYear,EndYear,Mean,StdDev,NumArticles
CHN,2015,2021,1.0598048345577946,3.2990082523664324,2659
