CountryCAMEOCode,StartYear,EndYear,Mean,StdDev,NumArticles
ALL,2021,2021,-1.4615115700455688,3.9937712451279537,1965
