CountryCAMEOCode,StartYear,EndYear,Mean,StdDev,NumArticles
ALL,2015,2021,0.14822844252967807,3.0865844129362277,278246
