CountryCAMEOCode,StartYear,EndYear,Mean,StdDev,NumArticles
FRA,2015,2021,1.5981280973459473,2.5210826604843817,1669
