CountryCAMEOCode,StartYear,EndYear,Mean,StdDev,NumArticles
ALL,2018,2018,-3.7266425947285913,3.4750775458639773,5370
