CountryCAMEOCode,StartYear,EndYear,Mean,StdDev,NumArticles
ALL,2017,2017,-3.0997228655570632,3.3265597407781375,5203
