CountryCAMEOCode,StartYear,EndYear,Mean,StdDev,NumArticles
USA,2015,2021,-3.4428150556416353,3.2251277187003544,1962
