CountryCAMEOCode,StartYear,EndYear,Mean,StdDev,NumArticles
USA,2015,2021,0.048691327671357254,2.0189126072503636,18
