CountryCAMEOCode,StartYear,EndYear,Mean,StdDev,NumArticles
ALL,2017,2017,-1.0168987265674065,4.1267356928540035,3359
