News,  Articles, Mean tone, Standard deviation in tone 
Chinese Sources,2802,2.79526777,2.425786397
Western Sources,532,-1.621518075,3.192298817
Local Sources,2616,1.557626598,2.679909778