News,  Articles, Mean tone, Standard deviation in tone 
Chinese Sources,1695,2.883692496,2.444870572
Western sources,234,-1.166513808,3.33409407
Local Sources,529,1.262481084,3.072533946