News,  Articles, Mean tone, Standard deviation in tone
Chinese Sources,1282,2.821566861,2.449193454
Western Sources,183,-1.09983391,3.30102745
Local Sources,1253,1.455005995,2.801921589