News,  Articles, Mean tone, Standard deviation in tone 
Chinese Sources,878,2.708967267,2.441262173
Western Sources,104,-0.370160714,3.20940802
Local Sources,901,1.337213817,2.885741345