CountryCAMEOCode,StartYear,EndYear,Mean,StdDev,NumArticles
FRA,2015,2021,-1.4085470407115952,3.0058268919399644,7144
