CountryCAMEOCode,StartYear,EndYear,Mean,StdDev,NumArticles
FRA,2016,2016,-1.3431118120895047,2.8341644865836124,1725
