News,# Articles,Mean Tone,Standard Deviation in Tone
Chinese Sources,32,2.537519223988056,3.12715626382553
Western Sources,0,,
Local Sources,70,0.6739242830446788,1.8025513128062998
