CountryCAMEOCode,StartYear,EndYear,Mean,StdDev,NumArticles
ALL,2015,2015,-1.1035640052167515,3.1553392342184665,2329
