CountryCAMEOCode,StartYear,EndYear,Mean,StdDev,NumArticles
ALL,2021,2021,-1.5087268842825527,2.7520422065024728,1746
