CountryCAMEOCode,StartYear,EndYear,Mean,StdDev,NumArticles
ALL,2015,2015,-0.1833824124960778,3.7230607065924626,1636
