CountryCAMEOCode,StartYear,EndYear,Mean,StdDev,NumArticles
ALL,2020,2020,-1.0761316582988802,3.8554528178208365,18449
