CountryCAMEOCode,StartYear,EndYear,Mean,StdDev,NumArticles
RUS,2019,2019,0.8672089380887299,3.3041897061283954,6456
