CountryCAMEOCode,StartYear,EndYear,Mean,StdDev,NumArticles
RUS,2016,2016,0.10977371391003764,3.5681288806768383,10233
