CountryCAMEOCode,StartYear,EndYear,Mean,StdDev,NumArticles
CHN,2016,2016,2.0454705524312744,2.8533295841808854,1138
