CountryCAMEOCode,StartYear,EndYear,Mean,StdDev,NumArticles
CHN,2018,2018,2.6698025446368314,2.4554957132655684,2209
