CountryCAMEOCode,StartYear,EndYear,Mean,StdDev,NumArticles
USA,2015,2021,0.7706076759607398,3.5311726429679027,36168
