CountryCAMEOCode,StartYear,EndYear,Mean,StdDev,NumArticles
USA,2021,2021,0.13392672631039837,3.1017630223305965,407
