CountryCAMEOCode,StartYear,EndYear,Mean,StdDev,NumArticles
USA,2019,2019,1.2465262359691165,3.2715013437896765,5131
