CountryCAMEOCode,StartYear,EndYear,Mean,StdDev,NumArticles
ALL,2015,2021,0.2980719821787748,3.9076514247789187,1025085
