CountryCAMEOCode,StartYear,EndYear,Mean,StdDev,NumArticles
CHN,2017,2017,2.0160487888173098,3.3069210502027624,1073
