CountryCAMEOCode,StartYear,EndYear,Mean,StdDev,NumArticles
ALL,2015,2015,-3.5546417347669577,4.009336781007942,14467
