News,  Articles, Mean tone, Standard deviation in tone 
Chinese Sources,648,2.50256186,3.251900215
Western Sources,84,-0.486280933,2.903858967
Local Sources,1245,0.632506138,3.589189192