News,  Articles, Mean tone, Standard deviation in tone 
Chinese Sources,240,2.054009339,3.477085846
Western Sources,25,-1.678980926,3.414841583
Local Sources,532,0.876463765,3.377862045