News,  Articles, Mean tone, Standard deviation in tone 
Chinese Sources,152,1.422458345,3.611879924
Western Sources,18,-2.089019193,3.839608064
Local Sources,360,0.932349266,3.317502008