CountryCAMEOCode,StartYear,EndYear,Mean,StdDev,NumArticles
USA,2015,2015,-1.1257689162242441,2.4033976996028317,3737
