CountryCAMEOCode,StartYear,EndYear,Mean,StdDev,NumArticles
FRA,2017,2017,-1.9976206772702851,2.4275090796390533,1151
