CountryCAMEOCode,StartYear,EndYear,Mean,StdDev,NumArticles
RUS,2015,2021,-1.8120639883760707,2.7520440287809054,13676
