CountryCAMEOCode,StartYear,EndYear,Mean,StdDev,NumArticles
CHN,2018,2018,-1.8648747018387566,2.8193028475010635,2848
