CountryCAMEOCode,StartYear,EndYear,Mean,StdDev,NumArticles
RUS,2016,2016,-1.5373062720255557,2.4774648661546177,2718
