CountryCAMEOCode,StartYear,EndYear,Mean,StdDev,NumArticles
RUS,2018,2018,-2.5722134148062175,2.8246473140827604,3499
