CountryCAMEOCode,StartYear,EndYear,Mean,StdDev,NumArticles
FRA,2015,2015,0.23030516594302666,2.3582904115336345,1732
