CountryCAMEOCode,StartYear,EndYear,Mean,StdDev,NumArticles
FRA,2016,2016,-0.8592490845629163,2.7734912356145784,3376
