CountryCAMEOCode,StartYear,EndYear,Mean,StdDev,NumArticles
FRA,2017,2017,-0.9717963350445108,2.7061649281026816,3439
