CountryCAMEOCode,StartYear,EndYear,Mean,StdDev,NumArticles
USA,2017,2017,-2.6783376636787555,2.9644178873520755,14927
