CountryCAMEOCode,StartYear,EndYear,Mean,StdDev,NumArticles
FRA,2015,2021,-1.6510003562668005,2.8107173723238223,13025
