CountryCAMEOCode,StartYear,EndYear,Mean,StdDev,NumArticles
ALL,2016,2016,-1.0221123577131113,3.309771476910452,225025
