CountryCAMEOCode,StartYear,EndYear,Mean,StdDev,NumArticles
IND,2015,2021,-0.5471817439570028,3.3155209570655946,1077
