CountryCAMEOCode,StartYear,EndYear,Mean,StdDev,NumArticles
RUS,2015,2021,-1.2837055182929684,2.7732743167527336,26360
