CountryCAMEOCode,StartYear,EndYear,Mean,StdDev,NumArticles
RUS,2015,2015,-1.6732594173358506,2.1049028314645253,14923
