CountryCAMEOCode,StartYear,EndYear,Mean,StdDev,NumArticles
RUS,2017,2017,-2.7290435511294686,2.4878537761021375,8527
