CountryCAMEOCode,StartYear,EndYear,Mean,StdDev,NumArticles
RUS,2019,2019,-3.1558741853411747,2.1320253803033813,9757
