CountryCAMEOCode,StartYear,EndYear,Mean,StdDev,NumArticles
FRA,2015,2021,-2.6710256324829023,2.4116133989794672,47363
