CountryCAMEOCode,StartYear,EndYear,Mean,StdDev,NumArticles
FRA,2016,2016,-1.7848629518558852,2.7168082657160397,4140
