CountryCAMEOCode,StartYear,EndYear,Mean,StdDev,NumArticles
RUS,2016,2016,-2.5519094578608086,2.4322477041350328,9844
