CountryCAMEOCode,StartYear,EndYear,Mean,StdDev,NumArticles
USA,2017,2017,-3.2599136868053504,2.3804893146433135,27077
