CountryCAMEOCode,StartYear,EndYear,Mean,StdDev,NumArticles
FRA,2015,2015,-1.5507894694815287,2.2533363635159134,10787
