CountryCAMEOCode,StartYear,EndYear,Mean,StdDev,NumArticles
USA,2016,2016,-2.6242203119386147,2.3156575744308374,29256
