CountryCAMEOCode,StartYear,EndYear,Mean,StdDev,NumArticles
FRA,2018,2018,-2.963323640537767,2.1081333448580173,11709
