CountryCAMEOCode,StartYear,EndYear,Mean,StdDev,NumArticles
CHN,2017,2017,-2.4359637821832196,2.1511383440892202,2659
