CountryCAMEOCode,StartYear,EndYear,Mean,StdDev,NumArticles
RUS,2020,2020,-3.8336906112542777,2.0080835269699024,4722
