CountryCAMEOCode,StartYear,EndYear,Mean,StdDev,NumArticles
CHN,2015,2015,-0.6582124079191475,3.2730988747601706,3645
