CountryCAMEOCode,StartYear,EndYear,Mean,StdDev,NumArticles
USA,2019,2019,-4.1888988157373035,3.0509809230856435,1245
