CountryCAMEOCode,StartYear,EndYear,Mean,StdDev,NumArticles
CHN,2016,2016,-2.8268340104760505,2.8588639228337787,7892
