CountryCAMEOCode,StartYear,EndYear,Mean,StdDev,NumArticles
CHN,2018,2018,-2.0183700996508667,2.5699884988671635,4768
