CountryCAMEOCode,StartYear,EndYear,Mean,StdDev,NumArticles
USA,2019,2019,-4.4423649942212045,3.2691323834422734,7068
