CountryCAMEOCode,StartYear,EndYear,Mean,StdDev,NumArticles
USA,2020,2020,-3.6069553436556534,2.7354746138463906,7470
