CountryCAMEOCode,StartYear,EndYear,Mean,StdDev,NumArticles
USA,2019,2019,0.0007418774363430192,3.1011702854004772,3
