CountryCAMEOCode,StartYear,EndYear,Mean,StdDev,NumArticles
ALL,2016,2016,-2.2147600387230892,3.9056578181058184,52210
