CountryCAMEOCode,StartYear,EndYear,Mean,StdDev,NumArticles
USA,2018,2018,-0.12091222547434236,3.7835583215246054,677
