CountryCAMEOCode,StartYear,EndYear,Mean,StdDev,NumArticles
ALL,2021,2021,-1.7555733435644447,3.5163142742823283,3993
