News,# Articles,Mean Tone,Standard Deviation in Tone
Chinese Sources,21,4.05289897890318,2.3468742245507026
Western Sources,0,,
Local Sources,24,1.060155230263869,3.6443983730283076
