News, Articles, Mean tone, Standard deviation in tone  
Chinese Sources,1955,2.196834932,3.749192066
Western Sources,1531,-1.753145133,2.985007308
Local Sources,3858,-0.160347931,2.82783845