CountryCAMEOCode,StartYear,EndYear,Mean,StdDev,NumArticles
USA,2020,2020,-0.33431642572020825,3.5681316905848384,3323
