CountryCAMEOCode,StartYear,EndYear,Mean,StdDev,NumArticles
CHN,2016,2016,0.40946856676968374,3.873377734651302,1483
