CountryCAMEOCode,StartYear,EndYear,Mean,StdDev,NumArticles
IND,2016,2016,0.27826882000443265,2.4321292004993142,111
