CountryCAMEOCode,StartYear,EndYear,Mean,StdDev,NumArticles
ALL,2018,2018,-0.5952906719344002,3.9254176446326254,471611
