CountryCAMEOCode,StartYear,EndYear,Mean,StdDev,NumArticles
USA,2018,2018,0.12079555382473099,3.3907129816770354,10443
