CountryCAMEOCode,StartYear,EndYear,Mean,StdDev,NumArticles
FRA,2017,2017,1.7610488045605046,2.9030862596102835,1272
