CountryCAMEOCode,StartYear,EndYear,Mean,StdDev,NumArticles
USA,2021,2021,0.48598737084956445,1.7695180692970662,138
