CountryCAMEOCode,StartYear,EndYear,Mean,StdDev,NumArticles
USA,2015,2015,0.23019910030669757,3.2364240503943917,1797
