CountryCAMEOCode,StartYear,EndYear,Mean,StdDev,NumArticles
USA,2015,2021,0.35767565971457305,3.564655538163091,7626
