CountryCAMEOCode,StartYear,EndYear,Mean,StdDev,NumArticles
ALL,2017,2017,0.31530799489881695,3.4980475566789186,26055
