CountryCAMEOCode,StartYear,EndYear,Mean,StdDev,NumArticles
ALL,2018,2018,0.7531817137120957,4.7325253334106225,6340
