CountryCAMEOCode,StartYear,EndYear,Mean,StdDev,NumArticles
CHN,2020,2020,0.7768574979101114,2.6517814306163996,1621
