CountryCAMEOCode,StartYear,EndYear,Mean,StdDev,NumArticles
FRA,2019,2019,-0.42370550556418374,3.9363655281442904,215
