CountryCAMEOCode,StartYear,EndYear,Mean,StdDev,NumArticles
ALL,2020,2020,-2.8063248839387676,3.2436680043303125,8313
