News, # Articles, Mean tone, Standard deviation in tone 
Chinese Sources,2597,2.843776743,3.53010821
Western Sources,655,-1.020798997,3.839330055
Local Sources,3258,-1.182960995,4.193126723