CountryCAMEOCode,StartYear,EndYear,Mean,StdDev,NumArticles
CHN,2015,2021,2.3799771446266456,3.0984559693503497,2706
