CountryCAMEOCode,StartYear,EndYear,Mean,StdDev,NumArticles
USA,2020,2020,0.25090092252697743,3.3576260659877226,168
