CountryCAMEOCode,StartYear,EndYear,Mean,StdDev,NumArticles
FRA,2017,2017,2.8569432312480347,2.4822256696634093,1481
