CountryCAMEOCode,StartYear,EndYear,Mean,StdDev,NumArticles
USA,2015,2021,1.630576588286074,3.3960198855503725,19828
