CountryCAMEOCode,StartYear,EndYear,Mean,StdDev,NumArticles
FRA,2015,2021,2.8321373312838367,2.8650035563774865,5137
