CountryCAMEOCode,StartYear,EndYear,Mean,StdDev,NumArticles
USA,2017,2017,1.5221576650840527,3.3962578034907387,3844
