CountryCAMEOCode,StartYear,EndYear,Mean,StdDev,NumArticles
USA,2016,2016,1.7442987510368126,3.2394442618782957,4176
