CountryCAMEOCode,StartYear,EndYear,Mean,StdDev,NumArticles
USA,2015,2015,1.7629996139510984,3.2828984925313067,4194
