CountryCAMEOCode,StartYear,EndYear,Mean,StdDev,NumArticles
IND,2015,2021,0.08597067301118073,3.2934211050673214,4898
