CountryCAMEOCode,StartYear,EndYear,Mean,StdDev,NumArticles
CHN,2019,2019,3.5219477792561396,2.6333522462420795,1206
