CountryCAMEOCode,StartYear,EndYear,Mean,StdDev,NumArticles
CHN,2018,2018,3.0426177923975124,2.5895135697286635,1829
