CountryCAMEOCode,StartYear,EndYear,Mean,StdDev,NumArticles
CHN,2015,2021,-0.7710629276694106,3.0293964568440166,1647
