CountryCAMEOCode,StartYear,EndYear,Mean,StdDev,NumArticles
CHN,2016,2016,-0.44950370964721204,2.8031149952077365,192
