CountryCAMEOCode,StartYear,EndYear,Mean,StdDev,NumArticles
IND,2015,2021,-1.6106823914718584,3.3125466019877097,1016
