CountryCAMEOCode,StartYear,EndYear,Mean,StdDev,NumArticles
USA,2018,2018,-2.0256766903306365,2.9362522369858834,2282
