CountryCAMEOCode,StartYear,EndYear,Mean,StdDev,NumArticles
ALL,2016,2016,0.26054259151421616,3.6814951329617354,1273
