CountryCAMEOCode,StartYear,EndYear,Mean,StdDev,NumArticles
ALL,2018,2018,-0.7318956209493098,3.9614165118413878,13241
