CountryCAMEOCode,StartYear,EndYear,Mean,StdDev,NumArticles
ALL,2021,2021,0.001524896141204891,3.5235624180271654,551
