CountryCAMEOCode,StartYear,EndYear,Mean,StdDev,NumArticles
USA,2016,2016,-3.5877904848651676,2.6829164240952346,3841
