CountryCAMEOCode,StartYear,EndYear,Mean,StdDev,NumArticles
RUS,2020,2020,-3.8876727478720436,3.0918088162488755,1542
