CountryCAMEOCode,StartYear,EndYear,Mean,StdDev,NumArticles
RUS,2016,2016,-3.5197070153707646,2.8099757945753567,8218
