CountryCAMEOCode,StartYear,EndYear,Mean,StdDev,NumArticles
USA,2015,2015,-3.7996982327586903,2.4973942517039434,2088
