CountryCAMEOCode,StartYear,EndYear,Mean,StdDev,NumArticles
RUS,2017,2017,-2.9589475803313503,2.7528632364241297,4661
