CountryCAMEOCode,StartYear,EndYear,Mean,StdDev,NumArticles
ALL,2016,2016,-4.164270044159317,3.2124856105142596,69248
