CountryCAMEOCode,StartYear,EndYear,Mean,StdDev,NumArticles
ALL,2016,2016,-3.3647589438899277,4.241102525238619,80129
