CountryCAMEOCode,StartYear,EndYear,Mean,StdDev,NumArticles
RUS,2016,2016,-2.8261799230406766,3.0981364776021074,7566
