CountryCAMEOCode,StartYear,EndYear,Mean,StdDev,NumArticles
RUS,2015,2015,-2.2518858033795395,2.9457411975621373,3331
