CountryCAMEOCode,StartYear,EndYear,Mean,StdDev,NumArticles
USA,2015,2021,-3.3906400912692725,3.1647817250029275,5707
