CountryCAMEOCode,StartYear,EndYear,Mean,StdDev,NumArticles
RUS,2015,2021,-2.5732171478285144,3.2109734407547204,18410
