CountryCAMEOCode,StartYear,EndYear,Mean,StdDev,NumArticles
CHN,2015,2021,-3.5513079479631218,3.0372295692085163,5523
