CountryCAMEOCode,StartYear,EndYear,Mean,StdDev,NumArticles
USA,2015,2021,-4.167682739580213,2.5593704007078135,131335
