CountryCAMEOCode,StartYear,EndYear,Mean,StdDev,NumArticles
ALL,2015,2021,-4.76545245232972,2.7715282620106265,1395559
