CountryCAMEOCode,StartYear,EndYear,Mean,StdDev,NumArticles
RUS,2015,2015,-3.5060323701257516,2.1755057789455305,27426
