CountryCAMEOCode,StartYear,EndYear,Mean,StdDev,NumArticles
FRA,2016,2016,-4.9270977629843316,3.0466361473926793,6923
