CountryCAMEOCode,StartYear,EndYear,Mean,StdDev,NumArticles
RUS,2015,2021,-4.236854728365198,2.5224980994468917,158639
