CountryCAMEOCode,StartYear,EndYear,Mean,StdDev,NumArticles
CHN,2020,2020,-0.3300284797810229,2.8464451220199596,1074
