CountryCAMEOCode,StartYear,EndYear,Mean,StdDev,NumArticles
FRA,2015,2021,-3.1075474657677518,3.3192364811860497,2091
