CountryCAMEOCode,StartYear,EndYear,Mean,StdDev,NumArticles
USA,2017,2017,-3.3537041209864182,2.5304825168255696,1388
