CountryCAMEOCode,StartYear,EndYear,Mean,StdDev,NumArticles
CHN,2015,2015,-0.2697927927597689,3.6727608848922335,1377
