CountryCAMEOCode,StartYear,EndYear,Mean,StdDev,NumArticles
CHN,2019,2019,0.8599559903559539,3.5171517176982787,1146
