CountryCAMEOCode,StartYear,EndYear,Mean,StdDev,NumArticles
USA,2018,2018,-1.7362774035279895,3.2628049851003937,6029
