CountryCAMEOCode,StartYear,EndYear,Mean,StdDev,NumArticles
USA,2019,2019,-1.1273641842512818,3.1783212065727167,5294
