CountryCAMEOCode,StartYear,EndYear,Mean,StdDev,NumArticles
FRA,2018,2018,-1.3478862634960593,3.6137471821304525,1526
