CountryCAMEOCode,StartYear,EndYear,Mean,StdDev,NumArticles
RUS,2016,2016,-2.6797222989086844,3.1331990124211933,8156
