CountryCAMEOCode,StartYear,EndYear,Mean,StdDev,NumArticles
RUS,2017,2017,-1.5632881411628154,3.0358769278841073,4480
