CountryCAMEOCode,StartYear,EndYear,Mean,StdDev,NumArticles
USA,2016,2016,-1.9060306488347938,3.2436137760588517,8176
