CountryCAMEOCode,StartYear,EndYear,Mean,StdDev,NumArticles
USA,2017,2017,-3.5505083809350917,2.9900126372935865,15292
