CountryCAMEOCode,StartYear,EndYear,Mean,StdDev,NumArticles
RUS,2019,2019,-3.2672911839657734,2.6407976478124717,9123
