CountryCAMEOCode,StartYear,EndYear,Mean,StdDev,NumArticles
RUS,2018,2018,-3.9755682747127956,2.4939625344441567,9126
