CountryCAMEOCode,StartYear,EndYear,Mean,StdDev,NumArticles
IND,2021,2021,-3.1349010451412047,0.0009676127349209993,8
