CountryCAMEOCode,StartYear,EndYear,Mean,StdDev,NumArticles
FRA,2019,2019,-3.7604633720353164,2.8212709882779885,1507
