CountryCAMEOCode,StartYear,EndYear,Mean,StdDev,NumArticles
USA,2016,2016,-1.4860165704550938,2.0334248938595634,1398
