CountryCAMEOCode,StartYear,EndYear,Mean,StdDev,NumArticles
CHN,2020,2020,-1.0158522483442243,2.6244681616642853,1014
