CountryCAMEOCode,StartYear,EndYear,Mean,StdDev,NumArticles
CHN,2015,2021,-0.7538510233984455,2.7846391949554623,14544
