CountryCAMEOCode,StartYear,EndYear,Mean,StdDev,NumArticles
ALL,2017,2017,2.5577613871108205,3.5888907279650852,7651
