CountryCAMEOCode,StartYear,EndYear,Mean,StdDev,NumArticles
USA,2017,2017,0.005873421877681601,3.3780436249322805,227
