CountryCAMEOCode,StartYear,EndYear,Mean,StdDev,NumArticles
CHN,2018,2018,-1.8416796894888656,1.8227178358413274,3056
