CountryCAMEOCode,StartYear,EndYear,Mean,StdDev,NumArticles
CHN,2019,2019,-3.3210251127971073,1.9228897693749214,2212
