News, # Articles, Mean tone, Standard deviation in tone 
Chinese Sources,2768,2.295041059,3.49462167
Western Sources,893,-1.248017922,3.129425102
Local Sources,887,0.917926986,2.765277773