News, # Articles, Mean tone, Standard deviation in tone 
Chinese Sources,1527,2.139619638,3.664971561
Western Sources,446,-1.283120688,3.334094277
Local Sources,619,0.856522019,2.893487429