News, # Articles, Mean tone, Standard deviation in tone 
Chinese Sources,1100,2.009310376,3.812251519
Western Sources,298,-1.026374357,3.408725563
Local Sources,564,0.785537898,2.941925408