News, # Articles, Mean tone, Standard deviation in tone 
Chinese Sources,719,1.610927758,3.821116136
Western Sources,174,-0.947822758,3.560166804
Local Sources,495,0.833290217,2.974258896