CountryCAMEOCode,StartYear,EndYear,Mean,StdDev,NumArticles
FRA,2021,2021,-0.31069260084327666,0.012846964972743178,6
