CountryCAMEOCode,StartYear,EndYear,Mean,StdDev,NumArticles
ALL,2015,2015,0.06028642638924866,3.7592319921736164,122730
