CountryCAMEOCode,StartYear,EndYear,Mean,StdDev,NumArticles
USA,2019,2019,1.4717017973854205,3.5247230148567636,1234
