CountryCAMEOCode,StartYear,EndYear,Mean,StdDev,NumArticles
USA,2020,2020,0.12277177264606472,3.3403814109779453,539
