CountryCAMEOCode,StartYear,EndYear,Mean,StdDev,NumArticles
USA,2015,2021,0.030405694223070663,3.5255052813592944,15699
