CountryCAMEOCode,StartYear,EndYear,Mean,StdDev,NumArticles
USA,2018,2018,0.2750953518655904,3.4026401184115573,3127
