CountryCAMEOCode,StartYear,EndYear,Mean,StdDev,NumArticles
RUS,2020,2020,0.05426032832460004,3.0647203081303767,113
