CountryCAMEOCode,StartYear,EndYear,Mean,StdDev,NumArticles
RUS,2015,2015,0.12575527305924608,2.4956282676217882,555
