CountryCAMEOCode,StartYear,EndYear,Mean,StdDev,NumArticles
USA,2016,2016,-2.9029905287780986,3.6748095735462103,2798
