CountryCAMEOCode,StartYear,EndYear,Mean,StdDev,NumArticles
RUS,2015,2021,-3.5253435430595284,2.5597251674859445,2409
