News,  Articles , Mean tone, Standard deviation in tone 
Chinese Sources ,1480,0.646328067,3.197292005
Western Sources ,10669,-1.360965311,2.768537509
Local Sources,68864,-1.005443128,2.800271271