News, # Articles , Mean tone, Standard deviation in tone 
Chinese Sources,636,0.584257381,3.298843785
Western Sources,744,-1.137577103,2.746983558
Local sources,6725,-0.821591821,2.837887128