News,  Articles, Mean tone, Standard deviation in tone 
Chinese Sources ,1934,0.742819233,3.178750535
Western sources ,4370,-1.339800755,2.839002413
Local Sources ,31343,-0.975867391,2.795868822