News,  Articles , Mean tone, Standard deviation in tone 
Chinese Sources,1934,0.742819233,3.178750535
Western Sources,2638,-1.31783367,2.816326643
Local Sources,20520,-0.977518663,2.793269316