News,  Articles , Mean tone, Standard deviation in tone 
Chinese Sources ,1016,0.51925078,3.290579656
Western Sources ,1462,-1.290597084,2.735577299
Local Sources ,12293,-0.969394305,2.814577952