CountryCAMEOCode,StartYear,EndYear,Mean,StdDev,NumArticles
ALL,2018,2018,1.2515900357643779,3.6694841934584983,1127
