CountryCAMEOCode,StartYear,EndYear,Mean,StdDev,NumArticles
CHN,2018,2018,-0.08600571225443147,3.8985677477654797,161
