CountryCAMEOCode,StartYear,EndYear,Mean,StdDev,NumArticles
RUS,2018,2018,0.6120096672243908,0.0033256262911317246,5
