CountryCAMEOCode,StartYear,EndYear,Mean,StdDev,NumArticles
ALL,2015,2021,-0.7445405330260866,3.9659243601261167,15016
