CountryCAMEOCode,StartYear,EndYear,Mean,StdDev,NumArticles
IND,2015,2021,-3.6567760205657565,4.379648898655301,31859
