CountryCAMEOCode,StartYear,EndYear,Mean,StdDev,NumArticles
USA,2019,2019,-2.0255555947937895,3.1767638375563467,1995
