CountryCAMEOCode,StartYear,EndYear,Mean,StdDev,NumArticles
CHN,2015,2015,0.8171107326014285,2.8542595219881646,1891
