CountryCAMEOCode,StartYear,EndYear,Mean,StdDev,NumArticles
CHN,2020,2020,-2.1881068174120273,3.1325811544802606,3786
