CountryCAMEOCode,StartYear,EndYear,Mean,StdDev,NumArticles
FRA,2015,2021,-0.8784350532869134,3.1392123070150713,1474
