CountryCAMEOCode,StartYear,EndYear,Mean,StdDev,NumArticles
IND,2021,2021,-2.5274129372671523,3.8129224185069512,1181
