CountryCAMEOCode,StartYear,EndYear,Mean,StdDev,NumArticles
RUS,2015,2021,-0.5769130572930767,2.8902465407127957,2233
