CountryCAMEOCode,StartYear,EndYear,Mean,StdDev,NumArticles
USA,2020,2020,-2.1846490325904364,3.2529978349823967,1531
