CountryCAMEOCode,StartYear,EndYear,Mean,StdDev,NumArticles
CHN,2020,2020,-2.2983587232184712,2.5029888001579423,43536
