CountryCAMEOCode,StartYear,EndYear,Mean,StdDev,NumArticles
USA,2015,2015,-0.4427666402005861,3.4259442587454525,67837
