CountryCAMEOCode,StartYear,EndYear,Mean,StdDev,NumArticles
ALL,2016,2016,-2.4283926037680565,3.4805744960647456,3063554
