CountryCAMEOCode,StartYear,EndYear,Mean,StdDev,NumArticles
IND,2015,2021,-2.4775484699774957,3.6478580227813,4579232
