CountryCAMEOCode,StartYear,EndYear,Mean,StdDev,NumArticles
CHN,2019,2019,-0.7536126460924623,2.7724604516109483,26937
