CountryCAMEOCode,StartYear,EndYear,Mean,StdDev,NumArticles
IND,2016,2016,-2.429085718676983,3.411738661369561,1014088
