CountryCAMEOCode,StartYear,EndYear,Mean,StdDev,NumArticles
IND,2018,2018,-2.484939624899012,3.835073846538945,683172
