CountryCAMEOCode,StartYear,EndYear,Mean,StdDev,NumArticles
IND,2015,2015,-2.4544506084067645,3.7147517717111986,648776
