CountryCAMEOCode,StartYear,EndYear,Mean,StdDev,NumArticles
FRA,2019,2019,-0.7372076219990024,3.2534585507155986,9463
