CountryCAMEOCode,StartYear,EndYear,Mean,StdDev,NumArticles
RUS,2018,2018,-0.6396047922347403,2.817174301831117,11181
