CountryCAMEOCode,StartYear,EndYear,Mean,StdDev,NumArticles
CHN,2018,2018,-0.5497378911396616,2.4216635791714736,27839
