CountryCAMEOCode,StartYear,EndYear,Mean,StdDev,NumArticles
IND,2021,2021,-2.2002651441871617,3.715691349194477,92590
