CountryCAMEOCode,StartYear,EndYear,Mean,StdDev,NumArticles
IND,2020,2020,-2.733013922000049,3.496626551493144,584300
