CountryCAMEOCode,StartYear,EndYear,Mean,StdDev,NumArticles
FRA,2018,2018,-0.36628231753941554,3.0125356202398703,11322
