CountryCAMEOCode,StartYear,EndYear,Mean,StdDev,NumArticles
IND,2019,2019,-2.4361354832674946,3.768444009509704,662756
