CountryCAMEOCode,StartYear,EndYear,Mean,StdDev,NumArticles
IND,2017,2017,-2.439850272022727,3.699100989303129,859571
