CountryCAMEOCode,StartYear,EndYear,Mean,StdDev,NumArticles
RUS,2015,2015,-0.026493585766931168,2.6745798932233664,6682
