CountryCAMEOCode,StartYear,EndYear,Mean,StdDev,NumArticles
USA,2016,2016,-0.885124901877116,3.3596771377801913,106799
