CountryCAMEOCode,StartYear,EndYear,Mean,StdDev,NumArticles
IND,2015,2021,-2.9972083599180466,3.7802473970656156,211653
