CountryCAMEOCode,StartYear,EndYear,Mean,StdDev,NumArticles
CHN,2020,2020,-2.7687317219172876,2.5499983678270732,8702
