CountryCAMEOCode,StartYear,EndYear,Mean,StdDev,NumArticles
IND,2020,2020,-3.046105713224835,3.3067527947660555,26856
