CountryCAMEOCode,StartYear,EndYear,Mean,StdDev,NumArticles
CHN,2019,2019,-1.6050459335126246,2.5015456733985877,4660
