CountryCAMEOCode,StartYear,EndYear,Mean,StdDev,NumArticles
IND,2017,2017,-3.2038181026701302,4.052931339860028,16586
