CountryCAMEOCode,StartYear,EndYear,Mean,StdDev,NumArticles
USA,2018,2018,-2.0468888564925902,3.0971057899239156,11003
