CountryCAMEOCode,StartYear,EndYear,Mean,StdDev,NumArticles
IND,2015,2015,-2.9841720966827507,4.0266678122503325,57523
