CountryCAMEOCode,StartYear,EndYear,Mean,StdDev,NumArticles
FRA,2015,2015,-1.0550925797297275,2.7920571060754606,1644
