CountryCAMEOCode,StartYear,EndYear,Mean,StdDev,NumArticles
CHN,2016,2016,-1.2195616902369617,2.6811911385704024,5433
