CountryCAMEOCode,StartYear,EndYear,Mean,StdDev,NumArticles
IND,2019,2019,-3.276119426467104,3.5983904668140565,23189
