CountryCAMEOCode,StartYear,EndYear,Mean,StdDev,NumArticles
IND,2018,2018,-2.970620984840423,3.9812893115775028,17865
