CountryCAMEOCode,StartYear,EndYear,Mean,StdDev,NumArticles
ALL,2017,2017,-2.5001802476863895,4.458529783416249,18653
