CountryCAMEOCode,StartYear,EndYear,Mean,StdDev,NumArticles
ALL,2021,2021,-0.08467676980089393,3.5896613168937233,2028
