CountryCAMEOCode,StartYear,EndYear,Mean,StdDev,NumArticles
CHN,2015,2021,0.0073477827827487015,3.1015502013311664,20860
