CountryCAMEOCode,StartYear,EndYear,Mean,StdDev,NumArticles
USA,2018,2018,-1.0575558323146559,3.6306148815485413,13544
