CountryCAMEOCode,StartYear,EndYear,Mean,StdDev,NumArticles
USA,2020,2020,-1.2441475992270679,3.1372280026784867,7370
