CountryCAMEOCode,StartYear,EndYear,Mean,StdDev,NumArticles
IND,2018,2018,0.08397024962382102,1.5681519489278226,794
