CountryCAMEOCode,StartYear,EndYear,Mean,StdDev,NumArticles
CHN,2020,2020,-2.0272045679748327,2.8935306822892826,6759
