CountryCAMEOCode,StartYear,EndYear,Mean,StdDev,NumArticles
RUS,2016,2016,-0.8115121783362357,2.9125724618185926,2070
