CountryCAMEOCode,StartYear,EndYear,Mean,StdDev,NumArticles
FRA,2016,2016,-0.9297540378831977,3.5882574495714965,3369
