CountryCAMEOCode,StartYear,EndYear,Mean,StdDev,NumArticles
ALL,2015,2021,-2.2663618640156487,3.5982450525985192,4506555
