CountryCAMEOCode,StartYear,EndYear,Mean,StdDev,NumArticles
CHN,2021,2021,-0.015816999713629792,2.7501383191554276,1314
