CountryCAMEOCode,StartYear,EndYear,Mean,StdDev,NumArticles
CHN,2019,2019,-1.4643341342901932,3.1769236883886824,11624
