CountryCAMEOCode,StartYear,EndYear,Mean,StdDev,NumArticles
CHN,2015,2015,-1.8337329913311446,2.498935785521237,13686
