CountryCAMEOCode,StartYear,EndYear,Mean,StdDev,NumArticles
CHN,2015,2021,-1.2154501448979385,2.7062669751526807,123906
