CountryCAMEOCode,StartYear,EndYear,Mean,StdDev,NumArticles
USA,2015,2015,-0.6716729003330892,3.4147614173482457,20525
