CountryCAMEOCode,StartYear,EndYear,Mean,StdDev,NumArticles
RUS,2017,2017,-1.3902792392575964,3.3399978571499016,2003
