CountryCAMEOCode,StartYear,EndYear,Mean,StdDev,NumArticles
CHN,2015,2015,-2.5723120263839068,2.1688245876363004,3435
