CountryCAMEOCode,StartYear,EndYear,Mean,StdDev,NumArticles
CHN,2016,2016,-2.4276292920303164,2.1979151579801184,9774
