CountryCAMEOCode,StartYear,EndYear,Mean,StdDev,NumArticles
ALL,2019,2019,-3.5295178183603704,4.127169097405057,39421
