CountryCAMEOCode,StartYear,EndYear,Mean,StdDev,NumArticles
CHN,2018,2018,0.6244453923626634,3.5459830692020837,4472
