CountryCAMEOCode,StartYear,EndYear,Mean,StdDev,NumArticles
CHN,2017,2017,-0.022370322005641895,3.5870539799514467,4545
