CountryCAMEOCode,StartYear,EndYear,Mean,StdDev,NumArticles
USA,2017,2017,-1.1093576647041212,3.6239799171060096,22055
