CountryCAMEOCode,StartYear,EndYear,Mean,StdDev,NumArticles
FRA,2021,2021,0.01089514342571356,3.4589575293103323,239
