CountryCAMEOCode,StartYear,EndYear,Mean,StdDev,NumArticles
RUS,2019,2019,1.0671286142153316,2.7460055359017543,1471
