CountryCAMEOCode,StartYear,EndYear,Mean,StdDev,NumArticles
CHN,2020,2020,-1.9767846652467884,2.9021669046992713,5886
