CountryCAMEOCode,StartYear,EndYear,Mean,StdDev,NumArticles
FRA,2019,2019,0.48665252770085865,3.7034621322009653,2501
