CountryCAMEOCode,StartYear,EndYear,Mean,StdDev,NumArticles
FRA,2018,2018,0.09768107861308593,3.579713423760593,3043
