CountryCAMEOCode,StartYear,EndYear,Mean,StdDev,NumArticles
FRA,2015,2015,-0.03204554238830269,3.3600283761249234,3381
