CountryCAMEOCode,StartYear,EndYear,Mean,StdDev,NumArticles
USA,2019,2019,-3.1909141090299187,3.4638082726135337,2518
