CountryCAMEOCode,StartYear,EndYear,Mean,StdDev,NumArticles
FRA,2015,2021,-3.0791069080023092,3.5056828471230554,1471
