CountryCAMEOCode,StartYear,EndYear,Mean,StdDev,NumArticles
USA,2020,2020,-3.5527407212493625,3.2018460092300027,2933
