CountryCAMEOCode,StartYear,EndYear,Mean,StdDev,NumArticles
ALL,2019,2019,-3.6608832452310276,3.6115386716292113,38002
