CountryCAMEOCode,StartYear,EndYear,Mean,StdDev,NumArticles
ALL,2019,2019,-0.09750001339716316,4.188039949557081,1650
