CountryCAMEOCode,StartYear,EndYear,Mean,StdDev,NumArticles
CHN,2015,2021,3.2626352622511625,3.8860668849031055,1843
