CountryCAMEOCode,StartYear,EndYear,Mean,StdDev,NumArticles
IND,2018,2018,-0.018224196081023464,5.167852850231053,178
