CountryCAMEOCode,StartYear,EndYear,Mean,StdDev,NumArticles
ALL,2015,2021,2.3865664341276407,5.1199931235374265,364934
