CountryCAMEOCode,StartYear,EndYear,Mean,StdDev,NumArticles
USA,2016,2016,0.7234136622608437,4.6230333201749865,1228
