CountryCAMEOCode,StartYear,EndYear,Mean,StdDev,NumArticles
USA,2020,2020,-0.35278094119815145,3.7177578332285695,1228
