CountryCAMEOCode,StartYear,EndYear,Mean,StdDev,NumArticles
IND,2021,2021,-0.055892782267901425,1.3608056400334736,14
