News,#Articles,Mean Tone,Standard Deviation in Tone
Chinese Sources,210,3.601519177,2.081544014
Western Sources,12,-9.801207244,2.878713464
Local Sources ,2502,1.349347705,3.611050962