CountryCAMEOCode,StartYear,EndYear,Mean,StdDev,NumArticles
CHN,2017,2017,1.4036311878516197,2.8393329028099927,1449
