CountryCAMEOCode,StartYear,EndYear,Mean,StdDev,NumArticles
ALL,2021,2021,-0.0009740745309093635,3.558954979528272,449
