CountryCAMEOCode,StartYear,EndYear,Mean,StdDev,NumArticles
ALL,2018,2018,-0.7304634468106557,3.7243538922715023,54422
