CountryCAMEOCode,StartYear,EndYear,Mean,StdDev,NumArticles
USA,2018,2018,0.1286894048994339,2.8798851352477546,2756
