CountryCAMEOCode,StartYear,EndYear,Mean,StdDev,NumArticles
CHN,2019,2019,0.33036612060561954,3.2177553559606777,1802
