CountryCAMEOCode,StartYear,EndYear,Mean,StdDev,NumArticles
IND,2016,2016,-0.06481133455001822,2.795187134286575,1804
