CountryCAMEOCode,StartYear,EndYear,Mean,StdDev,NumArticles
USA,2015,2021,-1.4019798402573747,2.7877043924112406,23379
