CountryCAMEOCode,StartYear,EndYear,Mean,StdDev,NumArticles
CHN,2018,2018,-1.0112306561432605,2.6167733310479453,2851
