CountryCAMEOCode,StartYear,EndYear,Mean,StdDev,NumArticles
USA,2016,2016,-1.4361761898617427,2.9561949493405453,4031
