CountryCAMEOCode,StartYear,EndYear,Mean,StdDev,NumArticles
ALL,2018,2018,-1.2203598206882307,2.8584966187675143,50836
