CountryCAMEOCode,StartYear,EndYear,Mean,StdDev,NumArticles
ALL,2015,2015,-1.3666857544951119,3.2936381474244967,21475
