News, # Articles, Mean tone, Standard deviation in tone 
Chinese Sources,814,1.533887403,3.923995901
Western Sources,77,-5.351065743,4.246509441
Local Sources,1284,2.268110882,3.311599508