News,#Articles,Mean Tone,Standard Deviation in Tone
Chinese Sources,515,0.006605774,3.640626404
Western Sources,357,-2.422332141,2.729518515
Local Sources ,427,0.406037983,2.917373267