News, #Articles, Mean Tone, Standard Deviation in Tone
Chinese Sources,924,0.500433067,3.374058367
Western Sources,1156,-2.149647473,2.920685534
Local Sources,900,0.236328108,2.991648727