CountryCAMEOCode,StartYear,EndYear,Mean,StdDev,NumArticles
ALL,2017,2017,0.39184371446648836,2.7036013094664324,5218
