CountryCAMEOCode,StartYear,EndYear,Mean,StdDev,NumArticles
ALL,2018,2018,0.5167426255563506,2.7097543727006603,3166
