CountryCAMEOCode,StartYear,EndYear,Mean,StdDev,NumArticles
FRA,2015,2015,0.14638922866781834,0.08740561059035044,12
